scenario_name,k_level3,k_level4,replications,avg_waiting_time,p95_waiting_time,avg_time_in_system,level3_avg_wait,level4_avg_wait,level3_service_level,level4_service_level,doctor_utilization,nurse_utilization,avg_waiting_time_sd
add_1_day_general_doctor,26.0,110.0,10,66.238,27.296,813.528,11.685,21.6961,0.989,0.9911,0.975,0.679,17.1667
add_1_day_general_doctor,28.0,110.0,10,66.252,26.876,815.567,11.6646,21.7981,0.9899,0.9915,0.9749,0.6789,17.3456
add_1_day_general_doctor,30.0,110.0,10,66.252,26.876,815.567,11.6646,21.7981,0.9899,0.9915,0.9749,0.6789,17.3456
add_1_day_general_doctor,26.0,115.0,10,66.528,25.852,820.091,11.6087,18.8164,0.9905,0.9928,0.9746,0.6784,16.8215
add_1_day_general_doctor,28.0,115.0,10,66.87,25.942,821.805,11.6125,19.5164,0.9915,0.9925,0.9747,0.6785,16.8287
add_1_day_general_doctor,30.0,115.0,10,66.87,25.942,821.805,11.6125,19.5164,0.9915,0.9925,0.9747,0.6785,16.8287
add_1_day_general_doctor,26.0,100.0,10,66.875,32.985,809.258,11.5753,31.4085,0.9913,0.9904,0.975,0.6788,17.7248
add_1_day_general_doctor,26.0,120.0,10,66.968,26.04,817.51,11.6239,19.0009,0.9909,0.9925,0.9743,0.6784,16.3637
add_1_day_general_doctor,24.0,105.0,10,67.134,29.247,814.769,11.9926,26.665,0.9903,0.9898,0.9743,0.6783,17.2229
add_1_day_general_doctor,22.0,120.0,10,67.284,27.085,816.223,13.0258,19.1994,0.9869,0.9904,0.9747,0.6787,16.987
add_1_day_general_doctor,22.0,115.0,10,67.286,27.111,813.366,13.0428,19.2078,0.9873,0.9911,0.9751,0.679,16.7648
add_1_day_general_doctor,22.0,110.0,10,67.321,27.701,814.912,13.074,22.0646,0.9881,0.9904,0.9748,0.6786,16.9803
add_1_day_general_doctor,28.0,105.0,10,67.366,29.206,809.728,11.5823,26.483,0.9906,0.9914,0.9749,0.6788,17.266
add_1_day_general_doctor,30.0,105.0,10,67.366,29.206,809.728,11.5823,26.483,0.9906,0.9914,0.9749,0.6788,17.266
add_1_day_general_doctor,24.0,110.0,10,67.402,27.274,818.91,11.989,21.8505,0.9896,0.9921,0.9744,0.6784,16.6167
add_1_day_general_doctor,28.0,120.0,10,67.424,25.677,815.486,11.6086,18.942,0.9918,0.9932,0.9745,0.6786,16.2992
add_1_day_general_doctor,30.0,120.0,10,67.424,25.677,815.486,11.6086,18.942,0.9918,0.9932,0.9745,0.6786,16.2992
add_1_day_general_doctor,24.0,120.0,10,67.576,26.158,817.585,11.9793,18.715,0.9885,0.9918,0.9748,0.6784,16.3693
add_1_day_general_doctor,28.0,100.0,10,67.633,33.098,807.484,11.5897,31.3937,0.991,0.9907,0.9747,0.6788,17.6686
add_1_day_general_doctor,30.0,100.0,10,67.633,33.098,807.484,11.5897,31.3937,0.991,0.9907,0.9747,0.6788,17.6686
add_1_day_general_doctor,26.0,105.0,10,67.944,29.138,812.511,11.6235,26.6672,0.9904,0.9911,0.9746,0.6787,17.1668
add_1_day_general_doctor,24.0,95.0,10,68.196,36.564,810.465,11.9263,36.2542,0.9903,0.9888,0.9749,0.6788,17.5781
add_1_day_general_doctor,24.0,115.0,10,68.213,25.988,819.259,11.8717,18.9554,0.99,0.9911,0.9746,0.6782,15.9618
add_1_day_general_doctor,24.0,100.0,10,68.214,32.691,813.829,11.9206,31.7405,0.9907,0.9883,0.9747,0.6786,17.5083
add_1_day_general_doctor,20.0,120.0,10,68.788,28.345,809.66,14.8482,18.9174,0.9809,0.9908,0.9747,0.6788,17.3274
add_1_day_general_doctor,20.0,115.0,10,69.06,28.323,814.181,14.8408,19.0689,0.9807,0.9901,0.9748,0.6786,17.044
add_1_day_general_doctor,22.0,105.0,10,69.213,29.878,811.402,13.0562,26.5034,0.9879,0.9894,0.9745,0.6785,16.6189
add_1_day_general_doctor,28.0,95.0,10,69.314,37.355,813.231,11.6032,36.5574,0.9904,0.9887,0.9749,0.6785,17.3006
add_1_day_general_doctor,30.0,95.0,10,69.314,37.355,813.231,11.6032,36.5574,0.9904,0.9887,0.9749,0.6785,17.3006
add_1_day_general_doctor,20.0,105.0,10,69.316,31.243,812.529,14.821,26.9293,0.9811,0.9901,0.9743,0.6785,16.8666
add_1_day_general_doctor,26.0,95.0,10,69.471,36.437,813.74,11.5599,36.3808,0.991,0.9883,0.9747,0.6784,16.4068
add_1_day_general_doctor,22.0,100.0,10,69.518,33.247,818.722,13.0644,31.5081,0.9868,0.9898,0.9747,0.6782,16.7728
add_1_day_general_doctor,22.0,95.0,10,69.553,37.215,816.224,13.0397,36.4378,0.9875,0.9873,0.9747,0.6782,17.219
add_1_day_general_doctor,20.0,110.0,10,69.634,29.021,815.698,14.8375,22.0355,0.982,0.9911,0.9748,0.6785,16.5731
add_1_day_general_doctor,24.0,90.0,10,69.644,41.645,811.38,11.9138,40.9627,0.9895,0.987,0.9748,0.6788,17.8209
add_1_day_general_doctor,24.0,85.0,10,69.732,46.351,812.464,11.9737,46.2912,0.9887,0.9835,0.9743,0.6784,17.9731
add_1_day_general_doctor,18.0,120.0,10,69.831,29.345,811.912,16.7193,19.2646,0.9752,0.9908,0.9748,0.6787,16.707
add_1_day_general_doctor,20.0,100.0,10,69.886,33.613,803.73,14.8113,31.5307,0.9832,0.9887,0.9749,0.6788,16.828
add_1_day_general_doctor,22.0,90.0,10,69.976,41.507,810.762,13.0682,40.9181,0.9865,0.9872,0.9749,0.6785,17.2956
add_1_day_general_doctor,18.0,115.0,10,70.044,29.948,814.267,16.765,19.5074,0.9738,0.9904,0.9746,0.6785,16.7206
add_1_day_general_doctor,18.0,110.0,10,70.056,30.655,809.708,16.7979,22.418,0.9726,0.9894,0.9751,0.6789,17.0297
add_1_day_general_doctor,26.0,85.0,10,70.109,46.248,813.821,11.5856,45.97,0.9913,0.9846,0.9743,0.6781,17.7052
add_1_day_general_doctor,28.0,85.0,10,70.246,46.341,811.824,11.625,45.9192,0.991,0.9845,0.9745,0.6785,17.312
add_1_day_general_doctor,30.0,85.0,10,70.246,46.341,811.824,11.625,45.9192,0.991,0.9845,0.9745,0.6785,17.312
add_1_day_general_doctor,24.0,80.0,10,70.324,50.561,806.457,11.8991,50.6344,0.9887,0.9826,0.9747,0.6785,17.6477
add_1_day_general_doctor,20.0,95.0,10,70.37,37.926,809.126,14.8077,36.8096,0.9826,0.9873,0.9749,0.6788,17.4471
add_1_day_general_doctor,26.0,80.0,10,70.526,50.835,812.002,11.6395,50.7551,0.9899,0.9833,0.9746,0.6783,17.3881
add_1_day_general_doctor,18.0,105.0,10,70.528,32.049,809.056,16.6983,27.0611,0.9739,0.9897,0.9746,0.6784,16.8931
add_1_day_general_doctor,22.0,85.0,10,70.726,46.127,803.66,13.0436,46.0884,0.9859,0.9845,0.9751,0.6787,17.2879
add_1_day_general_doctor,28.0,90.0,10,70.787,41.334,816.616,11.5955,41.0871,0.9909,0.985,0.9744,0.6781,17.2811
add_1_day_general_doctor,30.0,90.0,10,70.787,41.334,816.616,11.5955,41.0871,0.9909,0.985,0.9744,0.6781,17.2811
add_1_day_general_doctor,18.0,100.0,10,70.879,34.575,804.228,16.696,31.8585,0.9736,0.988,0.9745,0.6786,17.302
add_1_day_general_doctor,16.0,110.0,10,70.928,32.046,804.281,18.6463,22.2651,0.9613,0.9908,0.9748,0.6786,17.4959
add_1_day_general_doctor,22.0,80.0,10,70.984,50.85,807.195,13.051,50.8409,0.9876,0.9803,0.9747,0.6784,17.7539
add_1_day_general_doctor,20.0,90.0,10,70.998,42.117,813.13,14.7388,41.3645,0.9809,0.9873,0.9745,0.6784,17.2374
add_1_day_general_doctor,16.0,120.0,10,71.048,31.339,811.046,18.5738,19.249,0.9634,0.9908,0.9746,0.6784,17.1507
add_1_day_general_doctor,26.0,90.0,10,71.289,41.848,812.069,11.5734,41.3176,0.9905,0.9853,0.9749,0.6786,16.2346
add_1_day_general_doctor,28.0,80.0,10,71.298,51.171,805.838,11.5281,50.9844,0.9922,0.9822,0.9747,0.6785,16.7395
add_1_day_general_doctor,30.0,80.0,10,71.298,51.171,805.838,11.5281,50.9844,0.9922,0.9822,0.9747,0.6785,16.7395
add_1_day_general_doctor,28.0,70.0,10,71.54,60.475,800.618,11.5699,60.4603,0.9898,0.9755,0.9752,0.6788,17.8174
add_1_day_general_doctor,30.0,70.0,10,71.54,60.475,800.618,11.5699,60.4603,0.9898,0.9755,0.9752,0.6788,17.8174
add_1_day_general_doctor,22.0,75.0,10,71.654,56.136,799.998,13.0617,55.8125,0.9863,0.9788,0.9744,0.6787,18.0229
add_1_day_general_doctor,16.0,105.0,10,71.692,33.659,812.702,18.6435,27.39,0.9599,0.9873,0.9747,0.6785,17.3819
add_1_day_general_doctor,16.0,115.0,10,71.7,31.212,814.652,18.567,19.4485,0.964,0.9908,0.9743,0.6781,16.492
add_1_day_general_doctor,26.0,70.0,10,71.793,60.545,797.696,11.5428,60.3587,0.9906,0.9783,0.9749,0.6786,17.6402
add_1_day_general_doctor,14.0,120.0,10,71.803,32.79,808.02,20.6033,19.6096,0.9434,0.9891,0.9745,0.6784,17.1876
add_1_day_general_doctor,24.0,70.0,10,71.851,60.895,800.699,11.8905,60.7616,0.9885,0.9709,0.9744,0.6784,17.5019
add_1_day_general_doctor,28.0,75.0,10,71.951,55.713,809.177,11.559,55.8104,0.9906,0.9767,0.9742,0.6781,16.9619
add_1_day_general_doctor,30.0,75.0,10,71.951,55.713,809.177,11.559,55.8104,0.9906,0.9767,0.9742,0.6781,16.9619
add_1_day_general_doctor,16.0,100.0,10,71.981,35.863,812.162,18.6624,32.1206,0.9619,0.988,0.975,0.6786,17.7127
add_1_day_general_doctor,24.0,75.0,10,72.067,55.781,804.03,11.8185,55.6739,0.9901,0.9795,0.9747,0.6785,16.8096
add_1_day_general_doctor,26.0,75.0,10,72.12,55.773,803.65,11.5007,55.5238,0.9918,0.9794,0.9749,0.6786,16.691
add_1_day_general_doctor,14.0,115.0,10,72.205,33.131,807.774,20.6193,19.7607,0.9432,0.9897,0.9746,0.6784,17.4428
add_1_day_general_doctor,14.0,110.0,10,72.283,33.584,805.749,20.6207,22.32,0.9422,0.9894,0.9749,0.6789,17.405
add_1_day_general_doctor,20.0,80.0,10,72.29,50.676,802.527,14.8313,50.6856,0.981,0.9836,0.9749,0.6789,17.7008
add_1_day_general_doctor,28.0,60.0,10,72.422,70.932,797.525,11.5535,70.5566,0.9913,0.9634,0.9747,0.6789,17.6625
add_1_day_general_doctor,30.0,60.0,10,72.422,70.932,797.525,11.5535,70.5566,0.9913,0.9634,0.9747,0.6789,17.6625
add_1_day_general_doctor,22.0,70.0,10,72.468,60.855,803.92,13.043,60.265,0.9864,0.9762,0.9748,0.6784,17.3986
add_1_day_general_doctor,20.0,85.0,10,72.473,46.764,815.483,14.7994,46.4283,0.9818,0.9832,0.9747,0.6782,17.2021
add_1_day_general_doctor,18.0,85.0,10,72.732,46.95,803.018,16.6865,46.3547,0.9735,0.9842,0.9745,0.6784,17.4924
add_1_day_general_doctor,18.0,95.0,10,72.754,38.263,808.799,16.6477,36.726,0.9733,0.988,0.9743,0.6782,16.5934
add_1_day_general_doctor,16.0,95.0,10,72.758,38.861,810.466,18.589,36.7732,0.9612,0.9852,0.9744,0.6783,17.6535
add_1_day_general_doctor,14.0,105.0,10,72.829,34.695,803.364,20.5836,27.1568,0.9451,0.988,0.9748,0.6787,17.4945
add_1_day_general_doctor,22.0,65.0,10,72.862,65.53,801.972,13.0932,65.7459,0.9861,0.969,0.9747,0.6784,18.107
add_1_day_general_doctor,28.0,65.0,10,72.866,65.762,802.391,11.5563,65.5282,0.9893,0.9725,0.9748,0.6786,17.3171
add_1_day_general_doctor,30.0,65.0,10,72.866,65.762,802.391,11.5563,65.5282,0.9893,0.9725,0.9748,0.6786,17.3171
add_1_day_general_doctor,18.0,90.0,10,73.095,42.153,806.593,16.8039,41.4279,0.9711,0.9843,0.9746,0.6787,16.9
add_1_day_general_doctor,14.0,100.0,10,73.471,36.805,804.01,20.5639,32.1703,0.9457,0.987,0.9748,0.6786,17.3863
add_1_day_general_doctor,12.0,110.0,10,73.478,35.125,807.091,22.5059,22.4313,0.9141,0.9893,0.9743,0.6783,17.1646
add_1_day_general_doctor,26.0,60.0,10,73.542,70.557,802.763,11.5615,70.1776,0.9921,0.9665,0.9752,0.6788,17.1071
add_1_day_general_doctor,24.0,65.0,10,73.599,65.983,807.578,11.9005,65.9578,0.9891,0.9689,0.9745,0.6782,16.7136
add_1_day_general_doctor,18.0,80.0,10,73.625,51.465,800.749,16.6941,51.3172,0.9741,0.9812,0.9747,0.6786,17.0466
add_1_day_general_doctor,28.0,55.0,10,73.666,75.963,806.442,11.6547,75.1683,0.9892,0.9563,0.9748,0.6782,17.7066
add_1_day_general_doctor,30.0,55.0,10,73.666,75.963,806.442,11.6547,75.1683,0.9892,0.9563,0.9748,0.6782,17.7066
add_1_day_general_doctor,12.0,115.0,10,73.679,34.714,814.213,22.454,19.6506,0.9174,0.989,0.9748,0.6784,16.8828
add_1_day_general_doctor,22.0,60.0,10,73.743,70.952,803.658,13.0362,70.3967,0.9855,0.9646,0.9749,0.6785,17.6107
add_1_day_general_doctor,20.0,75.0,10,73.782,56.238,803.591,14.7438,55.8197,0.9829,0.9804,0.9744,0.6784,16.7406
add_1_day_general_doctor,12.0,120.0,10,73.813,35.057,811.664,22.5329,19.5606,0.9159,0.9904,0.9746,0.6785,17.3456
add_1_day_general_doctor,26.0,65.0,10,73.836,65.803,804.462,11.5781,65.59,0.9904,0.9731,0.975,0.6785,16.6061
add_1_day_general_doctor,24.0,60.0,10,73.964,70.688,801.959,11.9495,70.4244,0.9892,0.9637,0.9746,0.6782,17.0334
add_1_day_general_doctor,16.0,90.0,10,74.012,42.524,810.357,18.5954,41.7089,0.9642,0.9831,0.9742,0.678,16.8442
add_1_day_general_doctor,18.0,75.0,10,74.117,55.725,797.735,16.748,55.8002,0.9721,0.9794,0.9748,0.6788,17.634
add_1_day_general_doctor,10.0,110.0,10,74.127,36.912,792.59,24.4546,22.156,0.8739,0.9907,0.975,0.6792,17.77
add_1_day_general_doctor,20.0,70.0,10,74.403,60.602,802.137,14.8865,60.3747,0.9788,0.9773,0.9746,0.6784,16.9192
add_1_day_general_doctor,16.0,85.0,10,74.465,47.352,809.075,18.6644,46.626,0.9616,0.9821,0.9743,0.6781,17.5633
add_1_day_general_doctor,26.0,55.0,10,74.473,75.409,803.686,11.6854,75.2056,0.9873,0.9551,0.9746,0.6784,17.3118
add_1_day_general_doctor,10.0,115.0,10,74.475,36.75,802.271,24.5228,20.0363,0.871,0.989,0.9745,0.6784,17.2041
add_1_day_general_doctor,24.0,55.0,10,74.58,75.801,802.469,11.8599,75.3051,0.9895,0.9558,0.9745,0.6785,17.1096
add_1_day_general_doctor,14.0,95.0,10,74.786,39.095,802.003,20.5244,36.6743,0.943,0.9852,0.9747,0.6787,17.2986
add_1_day_general_doctor,10.0,120.0,10,74.892,36.584,802.538,24.4801,19.4125,0.8718,0.99,0.9748,0.6786,17.1343
add_1_day_general_doctor,22.0,50.0,10,74.939,80.59,796.317,13.0499,79.9103,0.9862,0.9497,0.9746,0.6787,17.3486
add_1_day_general_doctor,28.0,45.0,10,74.968,85.893,796.428,11.5243,84.6434,0.9896,0.9387,0.9746,0.6787,17.3452
add_1_day_general_doctor,30.0,45.0,10,74.968,85.893,796.428,11.5243,84.6434,0.9896,0.9387,0.9746,0.6787,17.3452
add_1_day_general_doctor,24.0,50.0,10,75.035,80.673,797.218,11.7955,80.069,0.9911,0.9503,0.9747,0.6789,17.2249
add_1_day_general_doctor,20.0,65.0,10,75.056,66.001,801.375,14.7497,65.7681,0.9815,0.9688,0.9747,0.6785,17.4851
add_1_day_general_doctor,12.0,105.0,10,75.099,36.184,807.597,22.4738,27.2535,0.9173,0.9886,0.9745,0.6784,16.7427
add_1_day_general_doctor,18.0,65.0,10,75.121,65.775,803.168,16.7029,65.8591,0.9726,0.9669,0.9744,0.6782,17.7435
add_1_day_general_doctor,12.0,95.0,10,75.124,41.15,803.327,22.5369,37.2375,0.9167,0.9856,0.9744,0.6783,17.7314
add_1_day_general_doctor,12.0,100.0,10,75.124,38.477,800.037,22.4927,32.3377,0.9156,0.9862,0.9749,0.6787,16.8291
add_1_day_general_doctor,28.0,50.0,10,75.186,80.512,801.931,11.5355,79.847,0.989,0.9482,0.9743,0.6781,17.315
add_1_day_general_doctor,30.0,50.0,10,75.186,80.512,801.931,11.5355,79.847,0.989,0.9482,0.9743,0.6781,17.315
add_1_day_general_doctor,26.0,45.0,10,75.22,86.089,802.266,11.5058,84.9011,0.9896,0.9397,0.9743,0.6781,17.0667
add_1_day_general_doctor,18.0,70.0,10,75.275,61.068,794.448,16.6725,60.6544,0.9735,0.9746,0.9748,0.6788,17.3923
add_1_day_general_doctor,16.0,80.0,10,75.277,52.052,803.331,18.6699,51.2665,0.9604,0.9812,0.9746,0.6784,16.945
add_1_day_general_doctor,26.0,50.0,10,75.41,81.141,803.365,11.4753,79.8593,0.9908,0.9477,0.9745,0.6781,17.0355
add_1_day_general_doctor,26.0,40.0,10,75.425,91.28,796.397,11.512,89.3791,0.9891,0.9297,0.9748,0.6785,17.5383
add_1_day_general_doctor,14.0,85.0,10,75.533,47.909,805.871,20.5099,46.5776,0.9445,0.9808,0.9742,0.6783,17.7631
add_1_day_general_doctor,22.0,55.0,10,75.552,75.964,800.008,13.024,75.4209,0.9861,0.9534,0.9746,0.6783,17.1557
add_1_day_general_doctor,28.0,40.0,10,75.569,90.705,793.129,11.5167,89.018,0.9907,0.9276,0.9745,0.6784,18.3108
add_1_day_general_doctor,30.0,40.0,10,75.569,90.705,793.129,11.5167,89.018,0.9907,0.9276,0.9745,0.6784,18.3108
add_1_day_general_doctor,14.0,90.0,10,75.741,43.878,807.301,20.5907,41.8103,0.9421,0.985,0.9743,0.6781,17.2471
add_1_day_general_doctor,20.0,60.0,10,75.764,70.746,801.842,14.7913,70.7087,0.9796,0.9627,0.9748,0.6785,17.4012
add_1_day_general_doctor,10.0,105.0,10,75.899,38.15,800.398,24.5046,27.1619,0.8699,0.9894,0.9744,0.6784,17.3844
add_1_day_general_doctor,24.0,40.0,10,75.916,90.666,799.714,11.846,89.4616,0.9901,0.9245,0.9745,0.6784,18.1426
add_1_day_general_doctor,6.0,120.0,10,75.994,39.874,798.458,28.2872,19.4645,0.7127,0.9904,0.9749,0.6788,18.2115
add_1_day_general_doctor,22.0,45.0,10,75.997,86.19,794.637,12.9721,84.9933,0.987,0.9358,0.9748,0.6787,17.6809
add_1_day_general_doctor,18.0,60.0,10,76.088,70.782,797.455,16.7349,70.5401,0.9718,0.9642,0.9749,0.6785,17.6538
add_1_day_general_doctor,12.0,90.0,10,76.126,43.971,798.527,22.4483,41.8425,0.9173,0.9828,0.9747,0.6787,17.3795
add_1_day_general_doctor,24.0,45.0,10,76.14,86.115,794.854,11.9297,84.7955,0.9889,0.9346,0.9746,0.6784,17.4175
add_1_day_general_doctor,16.0,70.0,10,76.169,61.287,799.104,18.5849,61.0308,0.9611,0.9716,0.9745,0.6786,17.8209
add_1_day_general_doctor,8.0,110.0,10,76.196,38.803,803.883,26.437,22.2187,0.8102,0.9904,0.9749,0.6787,17.4584
add_1_day_general_doctor,10.0,95.0,10,76.201,40.98,798.68,24.457,36.7491,0.8714,0.9852,0.9748,0.6786,18.3499
add_1_day_general_doctor,16.0,75.0,10,76.226,56.128,805.165,18.6641,55.9645,0.9594,0.9779,0.9748,0.6784,17.1568
add_1_day_general_doctor,24.0,35.0,10,76.302,96.365,793.509,11.8425,94.1043,0.9907,0.914,0.9748,0.6786,17.9755
add_1_day_general_doctor,24.0,30.0,10,76.32,100.81,793.927,11.8434,98.6546,0.9902,0.8887,0.9746,0.6786,18.2041
add_1_day_general_doctor,8.0,105.0,10,76.325,39.525,799.057,26.3744,27.3991,0.8098,0.989,0.9746,0.6786,17.6673
add_1_day_general_doctor,20.0,55.0,10,76.381,75.922,799.869,14.7436,75.4298,0.9808,0.9598,0.9745,0.6783,17.5368
add_1_day_general_doctor,8.0,120.0,10,76.439,38.405,802.241,26.4323,19.6808,0.8036,0.991,0.9745,0.6784,16.6859
add_1_day_general_doctor,12.0,85.0,10,76.501,48.173,795.678,22.5294,46.5309,0.9156,0.9829,0.9749,0.6786,17.9355
add_1_day_general_doctor,20.0,50.0,10,76.51,80.609,795.018,14.8101,79.9259,0.9804,0.9499,0.9746,0.6786,17.9617
add_1_day_general_doctor,28.0,25.0,10,76.567,104.769,794.141,11.51,102.6911,0.9908,0.8783,0.9744,0.6785,17.4279
add_1_day_general_doctor,30.0,25.0,10,76.567,104.769,794.141,11.51,102.6911,0.9908,0.8783,0.9744,0.6785,17.4279
add_1_day_general_doctor,26.0,35.0,10,76.619,95.906,802.526,11.5355,93.822,0.9907,0.9085,0.9745,0.6782,18.1493
add_1_day_general_doctor,8.0,115.0,10,76.631,38.729,804.781,26.4432,19.4939,0.8037,0.9907,0.9744,0.6783,16.9873
add_1_day_general_doctor,18.0,55.0,10,76.646,76.261,792.885,16.6643,75.2715,0.9733,0.9554,0.9745,0.6787,17.8461
add_1_day_general_doctor,6.0,110.0,10,76.741,40.525,796.679,28.2676,22.5541,0.7151,0.9887,0.9746,0.6788,17.5124
add_1_day_general_doctor,28.0,35.0,10,76.775,95.898,796.671,11.5158,93.9302,0.9903,0.9113,0.9744,0.6785,17.1736
add_1_day_general_doctor,30.0,35.0,10,76.775,95.898,796.671,11.5158,93.9302,0.9903,0.9113,0.9744,0.6785,17.1736
add_1_day_general_doctor,14.0,80.0,10,76.807,51.618,800.669,20.4949,51.1648,0.9457,0.9793,0.9747,0.6785,17.5982
add_1_day_general_doctor,10.0,100.0,10,76.847,39.299,798.508,24.4345,32.2308,0.8728,0.9853,0.9747,0.6787,17.1635
add_1_day_general_doctor,22.0,40.0,10,76.98,91.053,794.25,12.9224,89.4604,0.989,0.9293,0.9748,0.6783,18.1272
add_1_day_general_doctor,22.0,30.0,10,77.067,100.965,800.597,12.9724,98.8279,0.9879,0.8948,0.9742,0.6779,17.3751
add_1_day_general_doctor,16.0,65.0,10,77.093,65.643,797.23,18.5612,65.7499,0.9612,0.9656,0.9748,0.6785,17.3393
add_1_day_general_doctor,6.0,115.0,10,77.163,39.812,804.62,28.2936,19.7137,0.7095,0.9891,0.9748,0.6786,17.632
add_1_day_general_doctor,16.0,60.0,10,77.183,71.008,794.78,18.6271,70.405,0.9587,0.9624,0.9747,0.6784,17.7671
add_1_day_general_doctor,14.0,75.0,10,77.198,56.254,800.05,20.5372,55.7721,0.9427,0.9775,0.9747,0.6784,17.114
add_1_day_general_doctor,24.0,25.0,10,77.254,105.154,799.447,11.85,103.3477,0.991,0.8711,0.9742,0.6781,18.0773
add_1_day_general_doctor,26.0,30.0,10,77.255,100.599,798.79,11.5359,98.5067,0.9905,0.8929,0.9745,0.678,17.5463
add_1_day_general_doctor,12.0,80.0,10,77.282,51.694,798.363,22.5238,51.3144,0.9155,0.9785,0.9744,0.6784,17.7235
add_1_day_general_doctor,20.0,45.0,10,77.353,86.13,795.002,14.716,85.0832,0.9798,0.9373,0.9748,0.6786,17.5837
add_1_day_general_doctor,6.0,105.0,10,77.354,41.468,793.027,28.3862,27.2274,0.7062,0.9876,0.9746,0.6789,18.3537
add_1_day_general_doctor,26.0,25.0,10,77.409,104.96,795.09,11.5317,102.881,0.9902,0.8745,0.9741,0.6783,17.6059
add_1_day_general_doctor,10.0,85.0,10,77.555,48.654,798.619,24.4435,46.8591,0.8726,0.9794,0.975,0.6788,18.1669
add_1_day_general_doctor,22.0,35.0,10,77.609,95.986,793.65,12.9789,94.2489,0.987,0.9136,0.9745,0.6784,17.0376
add_1_day_general_doctor,28.0,30.0,10,77.623,100.846,794.494,11.5966,98.4046,0.9887,0.8943,0.9745,0.6782,17.5742
add_1_day_general_doctor,30.0,30.0,10,77.623,100.846,794.494,11.5966,98.4046,0.9887,0.8943,0.9745,0.6782,17.5742
add_1_day_general_doctor,12.0,75.0,10,77.678,56.713,801.44,22.5011,56.4741,0.9118,0.9746,0.9745,0.6784,17.9679
add_1_day_general_doctor,4.0,120.0,10,77.702,42.041,794.598,30.2725,19.5149,0.56,0.99,0.9751,0.6793,17.9014
add_1_day_general_doctor,26.0,15.0,10,77.746,115.306,792.826,11.5758,112.5651,0.9876,0.7817,0.9745,0.6782,17.806
add_1_day_general_doctor,4.0,115.0,10,77.818,41.954,802.559,30.249,19.7806,0.5636,0.9894,0.9751,0.6787,17.3633
add_1_day_general_doctor,20.0,40.0,10,77.856,91.049,790.824,14.7694,89.6226,0.9802,0.9228,0.9744,0.6785,17.4619
add_1_day_general_doctor,8.0,100.0,10,77.868,40.905,798.677,26.3174,32.3887,0.8126,0.9856,0.9747,0.6785,17.084
add_1_day_general_doctor,18.0,50.0,10,77.893,81.015,796.276,16.6888,80.0457,0.9718,0.9485,0.9744,0.6784,17.478
add_1_day_general_doctor,24.0,20.0,10,77.995,110.89,791.596,11.7937,108.0832,0.9914,0.8252,0.9744,0.6783,17.7262
add_1_day_general_doctor,14.0,70.0,10,78.161,60.84,795.898,20.5268,61.0585,0.9434,0.9739,0.9747,0.6783,16.8825
add_1_day_general_doctor,22.0,15.0,10,78.225,115.444,789.937,12.9175,112.6087,0.9883,0.7785,0.9749,0.6784,18.3349
add_1_day_general_doctor,8.0,95.0,10,78.247,42.851,796.813,26.354,37.2727,0.808,0.9852,0.9744,0.6784,17.6856
add_1_day_general_doctor,28.0,20.0,10,78.285,110.869,797.487,11.4692,107.7881,0.9914,0.8347,0.9746,0.6782,17.5852
add_1_day_general_doctor,30.0,20.0,10,78.285,110.869,797.487,11.4692,107.7881,0.9914,0.8347,0.9746,0.6782,17.5852
add_1_day_general_doctor,14.0,65.0,10,78.295,65.937,793.879,20.4757,65.9278,0.9431,0.9671,0.9746,0.6784,17.6457
add_1_day_general_doctor,22.0,25.0,10,78.34,105.597,798.403,12.9406,103.2142,0.9881,0.8661,0.9747,0.6782,17.9863
add_1_day_general_doctor,10.0,80.0,10,78.372,52.131,794.492,24.4113,51.3043,0.8752,0.9788,0.9748,0.6789,17.8539
add_1_day_general_doctor,26.0,20.0,10,78.383,111.044,799.205,11.5597,107.9724,0.991,0.8244,0.975,0.6785,17.5574
add_1_day_general_doctor,16.0,45.0,10,78.396,85.909,795.049,18.6279,85.0528,0.9589,0.9351,0.9746,0.6786,18.7314
add_1_day_general_doctor,24.0,15.0,10,78.48,115.956,799.537,11.7763,112.8499,0.9898,0.7745,0.9748,0.6782,17.6173
add_1_day_general_doctor,6.0,100.0,10,78.509,42.587,787.873,28.2953,32.3382,0.7124,0.9842,0.9749,0.6789,17.3731
add_1_day_general_doctor,10.0,75.0,10,78.537,56.982,796.162,24.3868,56.251,0.8734,0.976,0.9745,0.6785,18.6048
add_1_day_general_doctor,10.0,90.0,10,78.537,44.18,798.626,24.4523,41.6757,0.8701,0.9828,0.9745,0.6783,16.7263
add_1_day_general_doctor,26.0,10.0,10,78.543,120.562,785.368,11.5367,117.2563,0.9894,0.6932,0.9746,0.6786,17.9169
add_1_day_general_doctor,2.0,120.0,10,78.659,43.88,797.295,32.2069,19.5401,0.3606,0.9894,0.9748,0.6785,17.7911
add_1_day_general_doctor,20.0,35.0,10,78.691,96.69,802.26,14.7282,94.6237,0.9806,0.9077,0.9741,0.6781,17.6907
add_1_day_general_doctor,4.0,110.0,10,78.716,42.154,799.242,30.2552,22.7597,0.5669,0.9883,0.9747,0.6784,17.7167
add_1_day_general_doctor,18.0,40.0,10,78.797,91.19,795.936,16.5981,90.073,0.9743,0.9211,0.9744,0.6784,17.8482
add_1_day_general_doctor,16.0,55.0,10,78.803,75.985,791.122,18.6666,75.7895,0.9578,0.9531,0.9743,0.6783,17.5151
add_1_day_general_doctor,14.0,60.0,10,78.824,70.755,792.202,20.5122,70.8888,0.9434,0.9583,0.9745,0.6784,17.9688
add_1_day_general_doctor,16.0,50.0,10,78.869,81.169,796.998,18.6044,80.7199,0.9617,0.9418,0.9743,0.6781,17.4635
add_1_day_general_doctor,28.0,15.0,10,78.874,115.113,789.313,11.5603,112.2666,0.9881,0.785,0.9748,0.6785,17.7726
add_1_day_general_doctor,30.0,15.0,10,78.874,115.113,789.313,11.5603,112.2666,0.9881,0.785,0.9748,0.6785,17.7726
add_1_day_general_doctor,8.0,90.0,10,78.917,45.518,798.809,26.4112,42.0435,0.8047,0.984,0.9746,0.6785,17.6703
add_1_day_general_doctor,14.0,55.0,10,78.964,75.893,785.051,20.559,75.3442,0.9407,0.9519,0.9752,0.6791,17.9815
add_1_day_general_doctor,22.0,20.0,10,78.967,111.017,794.554,12.994,108.2669,0.9874,0.8273,0.9747,0.6783,18.1001
add_1_day_general_doctor,4.0,105.0,10,79.007,43.358,789.275,30.321,27.2948,0.5705,0.9877,0.9747,0.6789,17.6571
add_1_day_general_doctor,18.0,45.0,10,79.023,85.55,792.721,16.6358,84.6322,0.9759,0.9374,0.9746,0.6784,17.5629
add_1_day_general_doctor,18.0,30.0,10,79.04,101.029,791.051,16.6032,98.9778,0.9734,0.8844,0.9746,0.6784,18.3014
add_1_day_general_doctor,28.0,10.0,10,79.125,120.301,781.351,11.6212,117.1995,0.9886,0.6982,0.9747,0.6788,18.1228
add_1_day_general_doctor,30.0,10.0,10,79.125,120.301,781.351,11.6212,117.1995,0.9886,0.6982,0.9747,0.6788,18.1228
add_1_day_general_doctor,12.0,70.0,10,79.143,61.449,795.525,22.5011,61.2647,0.9129,0.9697,0.9742,0.6782,17.348
add_1_day_general_doctor,2.0,115.0,10,79.261,44.087,790.335,32.2575,19.4829,0.3493,0.9904,0.9745,0.6786,17.8483
add_1_day_general_doctor,20.0,30.0,10,79.412,101.36,795.843,14.732,99.1933,0.9823,0.8891,0.9744,0.6783,18.0341
add_1_day_general_doctor,2.0,110.0,10,79.436,44.684,799.113,32.2848,22.642,0.3491,0.9887,0.9749,0.6784,18.1006
add_1_day_general_doctor,24.0,10.0,10,79.477,120.576,788.955,11.8842,117.8809,0.9879,0.6925,0.975,0.6785,18.3188
add_1_day_general_doctor,6.0,95.0,10,79.568,44.03,798.563,28.3128,37.3034,0.7094,0.9842,0.9747,0.6784,17.6757
add_1_day_general_doctor,12.0,65.0,10,79.6,66.029,788.623,22.495,66.1756,0.9134,0.9657,0.975,0.6787,17.3127
add_1_day_general_doctor,26.0,5.0,10,79.703,125.217,790.004,11.5891,121.8666,0.9903,0.5283,0.9747,0.6785,17.7976
add_1_day_general_doctor,24.0,5.0,10,79.721,124.959,787.779,11.9388,121.9344,0.988,0.5383,0.9743,0.6784,17.3904
add_1_day_general_doctor,14.0,50.0,10,79.735,81.539,787.236,20.4665,80.5509,0.9458,0.9462,0.9749,0.6786,17.4971
add_1_day_general_doctor,16.0,40.0,10,79.773,91.316,796.462,18.5178,90.1341,0.9614,0.9178,0.9747,0.6784,17.6065
add_1_day_general_doctor,20.0,25.0,10,79.858,105.902,790.265,14.7232,103.6248,0.9823,0.867,0.9747,0.6787,17.8414
add_1_day_general_doctor,4.0,100.0,10,79.95,43.762,784.057,30.2155,32.2712,0.5669,0.987,0.9753,0.6793,17.1395
add_1_day_general_doctor,16.0,35.0,10,79.968,96.249,787.504,18.5328,94.5992,0.9634,0.9049,0.9748,0.6788,18.7467
add_1_day_general_doctor,8.0,85.0,10,79.998,49.169,795.68,26.2931,46.7425,0.813,0.9793,0.974,0.6781,17.519
add_1_day_general_doctor,20.0,20.0,10,80.0,110.548,791.17,14.7243,108.2494,0.9826,0.8311,0.9746,0.6784,17.6893
add_1_day_general_doctor,18.0,35.0,10,80.007,96.379,790.868,16.6446,94.5247,0.974,0.9047,0.9748,0.6785,17.9596
add_1_day_general_doctor,12.0,60.0,10,80.046,70.485,790.989,22.457,70.7714,0.9126,0.961,0.975,0.6786,17.3165
add_1_day_general_doctor,0.0,120.0,10,80.048,45.745,788.787,34.1857,19.2802,0.0451,0.9904,0.975,0.6791,17.6053
add_1_day_general_doctor,6.0,85.0,10,80.07,49.619,796.863,28.3629,46.644,0.7071,0.9807,0.9745,0.6784,17.8603
add_1_day_general_doctor,2.0,105.0,10,80.079,44.787,790.335,32.1743,27.6079,0.3578,0.9859,0.9747,0.6786,17.8589
add_1_day_general_doctor,4.0,95.0,10,80.08,45.056,791.496,30.1892,37.3259,0.5659,0.9838,0.9749,0.6787,17.7289
add_1_day_general_doctor,28.0,5.0,10,80.188,124.945,786.3,11.5828,122.0458,0.9884,0.5232,0.9744,0.6783,17.5378
add_1_day_general_doctor,30.0,5.0,10,80.188,124.945,786.3,11.5828,122.0458,0.9884,0.5232,0.9744,0.6783,17.5378
add_1_day_general_doctor,12.0,55.0,10,80.32,75.59,789.503,22.4503,76.0301,0.916,0.9501,0.9746,0.6787,18.3636
add_1_day_general_doctor,10.0,70.0,10,80.373,61.379,790.11,24.3903,61.3751,0.8745,0.9705,0.9745,0.6785,17.2609
add_1_day_general_doctor,0.0,115.0,10,80.484,45.968,792.181,34.0856,19.5123,0.0448,0.9901,0.9746,0.6786,17.1074
add_1_day_general_doctor,6.0,90.0,10,80.491,46.555,796.907,28.3757,41.9091,0.7082,0.9814,0.9746,0.6785,17.1818
add_1_day_general_doctor,6.0,75.0,10,80.518,57.909,790.098,28.229,56.3632,0.7196,0.9748,0.9746,0.6786,18.461
add_1_day_general_doctor,24.0,0.0,10,80.527,130.713,790.358,11.8978,126.7499,0.9882,0.053,0.9745,0.6781,18.2184
add_1_day_general_doctor,14.0,45.0,10,80.555,86.248,795.22,20.4873,85.3906,0.9452,0.9313,0.9748,0.6783,17.8238
add_1_day_general_doctor,16.0,30.0,10,80.724,101.468,785.132,18.5836,99.6238,0.963,0.8819,0.9746,0.6784,18.8699
add_1_day_general_doctor,18.0,20.0,10,80.777,111.085,782.745,16.6411,108.0332,0.9727,0.8265,0.9747,0.6786,18.1641
add_1_day_general_doctor,4.0,90.0,10,80.796,46.724,792.768,30.1361,41.9038,0.5705,0.9821,0.9747,0.6786,18.1942
add_1_day_general_doctor,28.0,0.0,10,80.807,129.565,796.847,11.5526,126.2826,0.9905,0.0573,0.9744,0.678,18.0975
add_1_day_general_doctor,30.0,0.0,10,80.807,129.565,796.847,11.5526,126.2826,0.9905,0.0573,0.9744,0.678,18.0975
add_1_day_general_doctor,22.0,10.0,10,80.852,120.615,788.136,13.068,117.5591,0.9872,0.6894,0.9745,0.6783,17.6337
add_1_day_general_doctor,20.0,15.0,10,80.865,116.535,790.884,14.7137,113.4831,0.9841,0.7604,0.9746,0.6782,17.7226
add_1_day_general_doctor,2.0,100.0,10,80.868,45.492,792.208,32.1399,32.2957,0.3621,0.9859,0.9745,0.6786,17.6819
add_1_day_general_doctor,8.0,70.0,10,80.962,61.306,796.071,26.2796,61.0878,0.8079,0.9694,0.9742,0.678,17.8833
add_1_day_general_doctor,10.0,65.0,10,81.127,66.006,794.199,24.4089,65.8055,0.8737,0.9688,0.9745,0.6782,17.3917
add_1_day_general_doctor,2.0,95.0,10,81.131,46.713,783.951,32.1142,37.1593,0.3624,0.9832,0.9748,0.679,18.5071
add_1_day_general_doctor,8.0,80.0,10,81.192,52.935,803.491,26.3415,51.6306,0.8099,0.9763,0.9744,0.678,17.8462
add_1_day_general_doctor,14.0,30.0,10,81.245,101.37,790.308,20.4357,99.4329,0.9445,0.8846,0.9744,0.6783,18.4737
add_1_day_general_doctor,18.0,25.0,10,81.268,106.198,791.579,16.6392,103.7702,0.9737,0.8591,0.9746,0.6783,16.7679
add_1_day_general_doctor,0.0,105.0,10,81.275,46.669,792.446,34.108,27.2805,0.0466,0.9883,0.975,0.6787,17.5824
add_1_day_general_doctor,4.0,85.0,10,81.279,49.31,788.294,30.1337,46.6482,0.574,0.9773,0.9746,0.6787,17.9717
add_1_day_general_doctor,26.0,0.0,10,81.301,129.823,792.749,11.5463,126.2974,0.9906,0.0573,0.9746,0.6783,17.8916
add_1_day_general_doctor,8.0,75.0,10,81.302,57.386,789.491,26.2893,56.4146,0.8109,0.9725,0.9746,0.6787,17.7184
add_1_day_general_doctor,10.0,60.0,10,81.398,71.363,788.866,24.383,71.3716,0.8742,0.9533,0.9747,0.6786,17.7823
add_1_day_general_doctor,22.0,5.0,10,81.443,125.543,785.145,13.0103,122.226,0.9853,0.517,0.9747,0.6785,17.5719
add_1_day_general_doctor,14.0,40.0,10,81.456,91.201,788.372,20.4643,90.0223,0.942,0.9193,0.9747,0.6784,17.3476
add_1_day_general_doctor,20.0,10.0,10,81.458,120.574,785.554,14.7259,117.3527,0.9812,0.6899,0.975,0.6786,17.8355
add_1_day_general_doctor,18.0,15.0,10,81.484,116.102,784.171,16.5951,112.7838,0.9732,0.7669,0.9747,0.6785,17.9327
add_1_day_general_doctor,20.0,0.0,10,81.502,130.51,784.141,14.7254,127.0456,0.9802,0.0597,0.9743,0.6784,18.7232
add_1_day_general_doctor,12.0,45.0,10,81.558,86.07,790.091,22.3862,85.6439,0.9143,0.9294,0.9748,0.6785,17.9073
add_1_day_general_doctor,12.0,50.0,10,81.59,80.879,790.002,22.4001,80.8773,0.9147,0.9409,0.9746,0.6784,17.4813
add_1_day_general_doctor,22.0,0.0,10,81.704,129.899,779.307,13.0408,126.6122,0.984,0.0594,0.9749,0.6788,17.6548
add_1_day_general_doctor,18.0,10.0,10,81.854,120.479,780.966,16.5839,117.4838,0.974,0.6933,0.9748,0.6785,18.7402
add_1_day_general_doctor,0.0,110.0,10,82.063,46.487,794.943,34.1668,22.6661,0.0468,0.989,0.9742,0.6781,16.9155
add_1_day_general_doctor,16.0,15.0,10,82.097,116.388,783.994,18.5685,112.9016,0.9629,0.7641,0.9748,0.6785,18.5906
add_1_day_general_doctor,10.0,55.0,10,82.159,75.642,790.799,24.4039,76.3279,0.8717,0.945,0.9746,0.6784,17.2321
add_1_day_general_doctor,10.0,50.0,10,82.162,81.458,786.781,24.3131,81.2203,0.8758,0.937,0.9748,0.6787,18.1658
add_1_day_general_doctor,8.0,65.0,10,82.265,66.605,789.649,26.3504,66.4851,0.8077,0.9633,0.9743,0.6783,17.7797
add_1_day_general_doctor,12.0,40.0,10,82.267,91.13,794.32,22.46,90.1944,0.9134,0.9154,0.9747,0.6784,18.1136
add_1_day_general_doctor,14.0,35.0,10,82.429,96.234,789.535,20.4675,94.8264,0.9446,0.9024,0.9746,0.6783,17.1054
add_1_day_general_doctor,6.0,80.0,10,82.514,52.898,788.89,28.3387,51.3143,0.7085,0.9788,0.9743,0.6783,17.076
add_1_day_general_doctor,6.0,70.0,10,82.584,61.713,784.597,28.2062,61.4299,0.7067,0.9664,0.9744,0.6784,17.0214
add_1_day_general_doctor,16.0,25.0,10,82.609,106.151,789.661,18.5186,103.9066,0.9645,0.8599,0.9744,0.6781,17.6003
add_1_day_general_doctor,16.0,20.0,10,82.619,110.74,784.996,18.4877,108.2017,0.9636,0.8212,0.9752,0.6788,18.0983
add_1_day_general_doctor,4.0,80.0,10,82.624,52.891,785.144,30.1136,51.2764,0.5809,0.9766,0.9752,0.6789,17.6077
add_1_day_general_doctor,0.0,95.0,10,82.64,48.576,790.777,34.0189,37.1298,0.0477,0.9845,0.9744,0.6783,17.8548
add_1_day_general_doctor,0.0,100.0,10,82.788,47.39,781.582,33.9944,32.5121,0.0509,0.9856,0.9747,0.6789,17.147
add_1_day_general_doctor,20.0,5.0,10,82.809,125.509,786.653,14.7692,122.2228,0.9822,0.5167,0.9746,0.6783,16.9308
add_1_day_general_doctor,12.0,35.0,10,82.818,96.724,787.234,22.42,95.1487,0.9172,0.8984,0.9744,0.6785,18.7061
add_1_day_general_doctor,2.0,90.0,10,82.82,48.137,794.351,32.1257,42.0882,0.362,0.9811,0.9746,0.6783,17.5142
add_1_day_general_doctor,10.0,45.0,10,82.849,85.931,780.208,24.3057,85.7283,0.8747,0.929,0.9743,0.6785,18.0804
add_1_day_general_doctor,8.0,60.0,10,82.92,71.228,790.831,26.2815,71.347,0.8112,0.9535,0.9748,0.6784,17.5246
add_1_day_general_doctor,2.0,85.0,10,83.004,50.844,785.779,32.1251,46.9059,0.3572,0.9773,0.9746,0.6786,17.5897
add_1_day_general_doctor,12.0,30.0,10,83.129,101.426,781.718,22.4317,100.0534,0.9152,0.8777,0.9748,0.6787,18.5456
add_1_day_general_doctor,4.0,75.0,10,83.137,57.384,785.648,30.179,56.3002,0.5692,0.9732,0.9748,0.6787,17.7135
add_1_day_general_doctor,8.0,55.0,10,83.187,76.038,781.88,26.2826,76.1819,0.8108,0.947,0.9751,0.6788,18.0673
add_1_day_general_doctor,18.0,5.0,10,83.218,125.654,779.103,16.6442,122.269,0.9721,0.5177,0.9746,0.6787,18.1243
add_1_day_general_doctor,4.0,70.0,10,83.367,61.892,775.336,30.1327,61.2988,0.5709,0.9708,0.9746,0.6789,17.9034
add_1_day_general_doctor,2.0,80.0,10,83.411,53.805,779.45,31.9534,51.7988,0.3716,0.976,0.9751,0.679,18.1609
add_1_day_general_doctor,0.0,90.0,10,83.418,49.849,782.167,34.0094,42.3192,0.049,0.9821,0.9754,0.6793,17.9754
add_1_day_general_doctor,16.0,5.0,10,83.504,125.8,773.755,18.4809,122.3676,0.963,0.521,0.9748,0.6788,18.8544
add_1_day_general_doctor,14.0,25.0,10,83.625,106.331,785.747,20.5112,104.1071,0.9454,0.86,0.9749,0.6786,17.5241
add_1_day_general_doctor,6.0,65.0,10,83.64,66.569,777.191,28.1855,66.1193,0.7156,0.9638,0.975,0.6789,17.2507
add_1_day_general_doctor,6.0,60.0,10,83.71,70.847,779.484,28.1896,70.86,0.7201,0.9587,0.9749,0.6786,17.8409
add_1_day_general_doctor,16.0,10.0,10,83.726,121.097,782.05,18.5153,117.7913,0.9633,0.6802,0.9744,0.6784,17.8158
add_1_day_general_doctor,16.0,0.0,10,83.804,130.245,773.523,18.563,126.5703,0.9611,0.0629,0.9749,0.6788,18.324
add_1_day_general_doctor,8.0,40.0,10,83.883,91.599,783.932,26.1695,90.9143,0.8187,0.9111,0.9747,0.6785,17.6084
add_1_day_general_doctor,14.0,15.0,10,83.939,116.029,779.105,20.4623,113.1066,0.9451,0.7712,0.9748,0.6787,18.7709
add_1_day_general_doctor,0.0,85.0,10,84.057,51.289,779.915,33.9898,47.0206,0.0487,0.9765,0.9748,0.6788,18.2707
add_1_day_general_doctor,18.0,0.0,10,84.135,130.918,779.494,16.6247,127.1415,0.974,0.0586,0.9743,0.6783,18.0498
add_1_day_general_doctor,6.0,50.0,10,84.186,81.11,772.509,28.1757,81.0551,0.719,0.9351,0.9751,0.6791,18.5163
add_1_day_general_doctor,4.0,65.0,10,84.232,66.769,785.337,30.1867,66.4005,0.5722,0.9647,0.9749,0.6784,18.2773
add_1_day_general_doctor,8.0,50.0,10,84.236,81.207,784.496,26.2262,81.0814,0.8144,0.9383,0.9747,0.6785,17.9472
add_1_day_general_doctor,14.0,20.0,10,84.25,111.155,782.862,20.5294,108.6923,0.9408,0.8249,0.9747,0.6785,17.6148
add_1_day_general_doctor,2.0,75.0,10,84.31,58.432,788.014,32.1806,56.508,0.3538,0.9732,0.9744,0.6781,18.2736
add_1_day_general_doctor,6.0,55.0,10,84.42,75.911,789.576,28.27,76.378,0.7123,0.9443,0.9747,0.6782,17.7766
add_1_day_general_doctor,12.0,20.0,10,84.621,111.267,776.776,22.3639,108.9447,0.9191,0.8191,0.9746,0.6786,18.6143
add_1_day_general_doctor,10.0,40.0,10,84.682,91.103,782.191,24.3507,90.8598,0.875,0.9112,0.9746,0.6786,17.2201
add_1_day_general_doctor,0.0,80.0,10,84.709,55.411,782.111,34.0283,51.4927,0.0542,0.9784,0.9747,0.6786,17.8873
add_1_day_general_doctor,12.0,25.0,10,84.883,106.925,783.405,22.407,104.8227,0.9183,0.8453,0.9746,0.6782,17.8376
add_1_day_general_doctor,0.0,75.0,10,84.961,58.49,780.217,33.8793,56.3591,0.0544,0.9725,0.9749,0.6788,18.2688
add_1_day_general_doctor,8.0,45.0,10,85.032,85.779,780.65,26.1842,85.9612,0.8201,0.9213,0.974,0.6782,16.9505
add_1_day_general_doctor,14.0,10.0,10,85.071,121.142,782.518,20.4427,117.5034,0.944,0.6845,0.975,0.6784,18.2536
add_1_day_general_doctor,10.0,35.0,10,85.29,96.934,785.081,24.2985,95.4326,0.8771,0.8927,0.9745,0.6783,17.5504
add_1_day_general_doctor,10.0,30.0,10,85.349,101.589,777.213,24.242,99.9773,0.8828,0.8765,0.9746,0.6787,17.8488
add_1_day_general_doctor,6.0,45.0,10,85.558,85.728,782.6,28.1525,85.7054,0.7247,0.9299,0.9747,0.6784,18.5813
add_1_day_general_doctor,8.0,35.0,10,85.599,96.761,776.631,26.335,95.692,0.8079,0.8939,0.9745,0.6785,17.7089
add_1_day_general_doctor,2.0,70.0,10,85.605,62.343,785.074,32.0236,61.4634,0.3619,0.9682,0.9746,0.6784,17.619
add_1_day_general_doctor,4.0,60.0,10,85.629,71.148,781.622,30.1123,71.361,0.5783,0.9527,0.9747,0.6787,17.878
add_1_day_general_doctor,12.0,15.0,10,85.645,116.022,778.537,22.3576,113.3323,0.9198,0.7671,0.9748,0.6786,18.1322
add_1_day_general_doctor,14.0,0.0,10,85.662,130.666,775.292,20.4096,127.5474,0.9454,0.0564,0.9746,0.6787,18.2291
add_1_day_general_doctor,10.0,25.0,10,85.826,107.019,782.702,24.2277,104.9937,0.8845,0.8469,0.9743,0.6781,18.4048
add_1_day_general_doctor,12.0,10.0,10,85.842,121.103,771.153,22.348,117.8694,0.916,0.6812,0.9749,0.6788,18.9063
add_1_day_general_doctor,10.0,20.0,10,86.02,111.157,777.94,24.2818,109.1526,0.8812,0.8149,0.9744,0.6783,17.7535
add_1_day_general_doctor,14.0,5.0,10,86.025,126.424,777.98,20.4609,123.1196,0.9444,0.5005,0.9747,0.6785,17.4869
add_1_day_general_doctor,4.0,45.0,10,86.049,86.295,775.728,30.0365,86.4767,0.5859,0.9212,0.9746,0.6785,19.0104
add_1_day_general_doctor,8.0,30.0,10,86.078,101.352,778.181,26.2725,100.0394,0.8149,0.8777,0.9742,0.6783,18.4845
add_1_day_general_doctor,4.0,55.0,10,86.13,76.115,779.495,30.1286,76.4528,0.5694,0.945,0.9744,0.6784,17.8663
add_1_day_general_doctor,8.0,25.0,10,86.205,106.676,774.1,26.2398,104.7542,0.814,0.8419,0.9746,0.6785,18.5497
add_1_day_general_doctor,2.0,65.0,10,86.215,66.708,786.33,32.1737,66.588,0.3563,0.962,0.9746,0.6783,17.9292
add_1_day_general_doctor,0.0,70.0,10,86.223,62.949,784.799,33.9892,61.2835,0.0514,0.9715,0.9747,0.6785,18.0001
add_1_day_general_doctor,12.0,5.0,10,86.329,125.716,777.687,22.3063,122.6015,0.9183,0.5111,0.9749,0.6787,18.7199
add_1_day_general_doctor,2.0,55.0,10,86.366,75.712,775.858,32.0398,76.0608,0.3651,0.9444,0.9749,0.6789,18.2756
add_1_day_general_doctor,6.0,40.0,10,86.493,91.724,780.332,28.1199,91.4374,0.7241,0.9039,0.9743,0.6782,18.5117
add_1_day_general_doctor,0.0,65.0,10,86.707,67.689,780.451,34.0271,66.6305,0.0522,0.9625,0.9746,0.6785,17.5601
add_1_day_general_doctor,2.0,60.0,10,86.784,71.399,773.94,32.0412,71.4532,0.3592,0.9508,0.9745,0.6784,17.6846
add_1_day_general_doctor,4.0,50.0,10,86.799,81.544,773.495,30.1251,81.6751,0.5745,0.9317,0.975,0.6789,17.7518
add_1_day_general_doctor,12.0,0.0,10,86.862,130.283,773.182,22.3554,127.4575,0.9178,0.057,0.9745,0.6784,18.758
add_1_day_general_doctor,0.0,60.0,10,86.937,71.832,778.639,33.8945,71.6384,0.0587,0.953,0.9749,0.6785,18.3935
add_1_day_general_doctor,10.0,15.0,10,87.076,116.461,769.338,24.299,113.496,0.8781,0.7604,0.9747,0.6786,17.9702
add_1_day_general_doctor,6.0,35.0,10,87.138,96.381,769.363,28.1258,95.4571,0.7253,0.8909,0.9745,0.6787,17.8656
add_1_day_general_doctor,4.0,40.0,10,87.426,91.835,778.872,30.0882,91.3561,0.5747,0.904,0.9744,0.6782,18.1196
add_1_day_general_doctor,10.0,10.0,10,87.487,121.241,773.883,24.3021,118.5939,0.8778,0.6814,0.9744,0.6783,17.9773
add_1_day_general_doctor,10.0,5.0,10,87.496,126.053,776.562,24.2664,123.4794,0.8798,0.5235,0.9743,0.6784,18.7228
add_1_day_general_doctor,2.0,50.0,10,87.602,81.218,771.424,31.9653,81.1401,0.366,0.9355,0.975,0.6787,17.765
add_1_day_general_doctor,4.0,35.0,10,87.746,96.91,770.028,30.0168,96.0943,0.5827,0.8864,0.9746,0.6788,18.1633
add_1_day_general_doctor,8.0,15.0,10,87.919,116.15,766.283,26.1993,113.4689,0.8138,0.7662,0.9752,0.679,18.4654
add_1_day_general_doctor,8.0,20.0,10,88.151,111.638,772.357,26.1532,109.5252,0.8202,0.8122,0.9747,0.6784,17.3254
add_1_day_general_doctor,10.0,0.0,10,88.241,131.177,765.781,24.2632,127.8555,0.8813,0.0565,0.9747,0.6787,18.4093
add_1_day_general_doctor,2.0,40.0,10,88.267,91.501,767.455,31.9712,91.2965,0.3703,0.9027,0.9752,0.679,18.6006
add_1_day_general_doctor,6.0,30.0,10,88.289,101.955,771.209,28.1507,100.66,0.7229,0.8668,0.9743,0.6784,17.7829
add_1_day_general_doctor,8.0,10.0,10,88.309,121.179,768.655,26.2168,118.2565,0.8183,0.6842,0.9746,0.6785,18.6113
add_1_day_general_doctor,6.0,25.0,10,88.483,106.285,773.292,28.1259,105.2871,0.7174,0.8436,0.9751,0.6787,18.0364
add_1_day_general_doctor,4.0,30.0,10,88.761,100.931,766.864,29.9937,100.2043,0.5843,0.8715,0.975,0.6789,18.385
add_1_day_general_doctor,6.0,15.0,10,88.835,116.285,768.613,28.074,113.8824,0.7292,0.7605,0.9746,0.6786,18.6188
add_1_day_general_doctor,0.0,55.0,10,88.895,76.372,779.282,33.9103,76.608,0.0546,0.9424,0.9745,0.6783,17.784
add_1_day_general_doctor,2.0,45.0,10,88.957,86.35,777.073,32.0749,86.8012,0.3628,0.9154,0.9745,0.6783,17.6162
add_1_day_general_doctor,6.0,20.0,10,89.02,111.364,772.163,28.1254,109.5391,0.7213,0.8066,0.9748,0.6786,18.443
add_1_day_general_doctor,8.0,5.0,10,89.269,126.707,768.893,26.2436,123.0249,0.8146,0.5171,0.9746,0.6785,18.5984
add_1_day_general_doctor,0.0,50.0,10,89.413,81.364,770.254,33.838,81.5164,0.0582,0.9335,0.9747,0.6787,17.8318
add_1_day_general_doctor,0.0,45.0,10,89.511,86.868,777.117,33.985,86.8103,0.0542,0.9175,0.9744,0.6783,18.1542
add_1_day_general_doctor,4.0,25.0,10,89.553,106.844,765.811,29.9401,105.3507,0.5807,0.8395,0.9746,0.6789,18.6504
add_1_day_general_doctor,4.0,20.0,10,89.577,111.851,765.137,29.9841,109.6581,0.5843,0.8055,0.975,0.6791,18.8641
add_1_day_general_doctor,2.0,30.0,10,89.618,101.991,763.059,31.8803,100.475,0.3695,0.8646,0.9746,0.6788,18.3155
add_1_day_general_doctor,2.0,35.0,10,89.956,96.576,769.216,31.9383,95.9038,0.3655,0.8877,0.9748,0.6787,18.0964
add_1_day_general_doctor,6.0,10.0,10,89.961,121.112,762.657,28.0303,118.2274,0.7226,0.6836,0.9746,0.6786,18.4459
add_1_day_general_doctor,4.0,15.0,10,89.969,116.418,763.728,29.9192,113.8888,0.5784,0.7589,0.9749,0.679,19.0268
add_1_day_general_doctor,8.0,0.0,10,90.083,131.354,771.361,26.201,128.0186,0.8136,0.0605,0.9743,0.6783,18.2826
add_1_day_general_doctor,0.0,40.0,10,90.218,91.172,763.478,33.8135,91.4786,0.0587,0.9,0.975,0.6791,18.1416
add_1_day_general_doctor,6.0,5.0,10,90.536,126.156,765.364,28.0627,122.8498,0.7246,0.5078,0.9747,0.6786,17.934
add_1_day_general_doctor,4.0,5.0,10,90.551,125.959,759.978,29.915,123.0661,0.587,0.5164,0.9748,0.679,19.0668
add_1_day_general_doctor,4.0,10.0,10,91.053,121.637,771.258,29.9594,118.666,0.5808,0.6764,0.9746,0.6784,17.9973
add_1_day_general_doctor,0.0,35.0,10,91.107,96.726,770.382,33.8007,96.3064,0.0583,0.8862,0.9748,0.6787,18.3188
add_1_day_general_doctor,2.0,20.0,10,91.192,111.575,764.37,31.9314,109.9094,0.372,0.8019,0.9747,0.6787,18.4218
add_1_day_general_doctor,0.0,30.0,10,91.304,101.525,771.434,33.8193,100.8119,0.0608,0.8638,0.9745,0.6783,17.3798
add_1_day_general_doctor,2.0,15.0,10,91.397,116.636,764.032,31.9283,114.0839,0.3707,0.7592,0.9748,0.6787,19.0749
add_1_day_general_doctor,6.0,0.0,10,91.412,131.78,767.511,28.0359,128.3473,0.728,0.0587,0.9749,0.6786,18.4771
add_1_day_general_doctor,2.0,25.0,10,91.514,106.579,765.708,31.9134,105.5484,0.3722,0.8375,0.9744,0.6784,17.8685
add_1_day_general_doctor,0.0,25.0,10,91.552,106.698,757.479,33.8148,105.5875,0.0605,0.8401,0.975,0.6791,18.5557
add_1_day_general_doctor,0.0,20.0,10,91.846,111.357,759.996,33.7076,110.1403,0.0631,0.803,0.9749,0.6789,18.8886
add_1_day_general_doctor,4.0,0.0,10,92.541,131.53,758.392,29.9799,128.1006,0.5824,0.0608,0.9748,0.6789,18.6117
add_1_day_general_doctor,2.0,5.0,10,92.608,126.452,757.495,31.8141,123.4063,0.3747,0.5194,0.9748,0.6789,18.5172
add_1_day_general_doctor,0.0,15.0,10,93.054,116.513,762.359,33.7666,114.5367,0.0626,0.7542,0.9752,0.679,18.3693
add_1_day_general_doctor,2.0,0.0,10,93.197,131.384,755.539,31.7811,128.0759,0.3727,0.0604,0.9752,0.679,18.8733
add_1_day_general_doctor,0.0,5.0,10,93.26,126.506,763.57,33.701,123.5659,0.0611,0.5246,0.9747,0.6788,18.767
add_1_day_general_doctor,2.0,10.0,10,93.27,121.221,759.893,31.9388,118.8498,0.3683,0.6879,0.9744,0.6783,18.0092
add_1_day_general_doctor,0.0,10.0,10,93.332,122.149,759.562,33.7719,119.4775,0.0637,0.6674,0.9747,0.6785,18.0482
add_1_day_general_doctor,0.0,0.0,10,95.191,131.328,757.462,33.7221,128.3671,0.0656,0.0577,0.9744,0.6785,18.328
baseline,26.0,120.0,10,83.699,35.357,1935.012,12.9651,29.7888,0.9782,0.9728,0.9793,0.6293,10.1631
baseline,28.0,120.0,10,83.719,35.351,1935.498,13.0259,29.772,0.9788,0.9719,0.9799,0.6296,10.1347
baseline,30.0,120.0,10,83.719,35.351,1935.498,13.0259,29.772,0.9788,0.9719,0.9799,0.6296,10.1347
baseline,26.0,115.0,10,83.739,35.062,1940.229,13.0287,29.6787,0.9794,0.9736,0.9796,0.6293,10.1622
baseline,28.0,115.0,10,83.832,35.201,1943.857,13.048,29.85,0.9793,0.9715,0.9794,0.6292,10.2322
baseline,30.0,115.0,10,83.832,35.201,1943.857,13.048,29.85,0.9793,0.9715,0.9794,0.6292,10.2322
baseline,24.0,120.0,10,83.877,35.239,1935.543,13.332,29.2731,0.9775,0.9743,0.9793,0.6292,10.0467
baseline,24.0,115.0,10,83.899,35.881,1932.382,13.3171,29.814,0.9767,0.9717,0.9793,0.6293,10.0347
baseline,28.0,110.0,10,83.968,36.836,1934.786,12.8866,32.3475,0.9798,0.9708,0.9796,0.6294,10.1187
baseline,30.0,110.0,10,83.968,36.836,1934.786,12.8866,32.3475,0.9798,0.9708,0.9796,0.6294,10.1187
baseline,26.0,110.0,10,83.981,36.664,1930.346,12.9329,32.5199,0.9806,0.9713,0.98,0.6296,10.1049
baseline,24.0,110.0,10,84.437,37.67,1945.842,13.2982,33.3246,0.9766,0.9675,0.9792,0.629,10.0873
baseline,22.0,120.0,10,84.642,35.429,1934.478,14.5122,29.4356,0.971,0.9718,0.9798,0.6293,9.9726
baseline,26.0,105.0,10,84.653,40.159,1929.456,12.9652,37.5991,0.9806,0.9637,0.9799,0.6296,10.2198
baseline,28.0,105.0,10,84.668,39.874,1930.113,12.9922,37.4077,0.9772,0.9669,0.9795,0.6294,10.0874
baseline,30.0,105.0,10,84.668,39.874,1930.113,12.9922,37.4077,0.9772,0.9669,0.9795,0.6294,10.0874
baseline,22.0,115.0,10,84.684,36.033,1937.73,14.5937,29.2963,0.9693,0.9742,0.9798,0.6295,10.0376
baseline,24.0,105.0,10,84.982,40.371,1932.334,13.318,37.9097,0.9787,0.9622,0.9797,0.6296,10.0667
baseline,22.0,110.0,10,85.128,37.48,1939.255,14.507,32.7374,0.9716,0.9689,0.9798,0.6291,10.0109
baseline,26.0,100.0,10,85.318,44.874,1929.825,12.9758,42.5828,0.9779,0.9627,0.9797,0.6295,10.0877
baseline,28.0,100.0,10,85.344,44.326,1933.176,12.9934,42.5227,0.9787,0.9585,0.9795,0.6295,10.069
baseline,30.0,100.0,10,85.344,44.326,1933.176,12.9934,42.5227,0.9787,0.9585,0.9795,0.6295,10.069
baseline,24.0,100.0,10,85.6,44.343,1934.815,13.3098,42.7078,0.9788,0.9618,0.9795,0.6292,9.906
baseline,22.0,105.0,10,85.725,40.76,1928.206,14.4756,37.7878,0.9745,0.9622,0.9796,0.6293,10.0674
baseline,20.0,120.0,10,85.805,37.156,1929.639,16.3565,29.5095,0.9612,0.9709,0.9798,0.6296,10.0914
baseline,20.0,115.0,10,85.869,37.083,1932.739,16.3892,29.622,0.9619,0.9713,0.9797,0.6295,10.0231
baseline,28.0,95.0,10,85.939,49.578,1936.208,12.8485,47.4449,0.9804,0.9536,0.9795,0.6293,10.2103
baseline,30.0,95.0,10,85.939,49.578,1936.208,12.8485,47.4449,0.9804,0.9536,0.9795,0.6293,10.2103
baseline,26.0,95.0,10,86.043,48.807,1940.455,12.9483,47.2709,0.9794,0.9527,0.9792,0.6289,10.1926
baseline,24.0,95.0,10,86.147,48.504,1934.78,13.2469,47.017,0.9785,0.9578,0.9794,0.6292,10.1442
baseline,20.0,110.0,10,86.332,38.793,1937.489,16.3958,32.7429,0.9587,0.9696,0.9794,0.6292,10.095
baseline,22.0,100.0,10,86.408,44.908,1926.718,14.6376,42.5764,0.9705,0.9588,0.9797,0.6295,10.063
baseline,26.0,90.0,10,86.637,53.108,1929.84,12.975,52.1279,0.9785,0.9491,0.9793,0.6291,10.1162
baseline,28.0,90.0,10,86.642,53.633,1934.83,12.985,52.0727,0.9765,0.9478,0.9797,0.6293,10.0881
baseline,30.0,90.0,10,86.642,53.633,1934.83,12.985,52.0727,0.9765,0.9478,0.9797,0.6293,10.0881
baseline,24.0,90.0,10,86.721,52.658,1929.346,13.2255,51.7051,0.9792,0.9522,0.9797,0.6294,10.0402
baseline,22.0,95.0,10,87.003,49.37,1937.482,14.4747,47.4849,0.972,0.9519,0.9797,0.6293,10.1409
baseline,20.0,105.0,10,87.021,41.543,1936.506,16.409,37.6154,0.9569,0.9676,0.9793,0.6291,10.0122
baseline,28.0,85.0,10,87.105,57.718,1930.534,12.8668,56.5218,0.9808,0.9403,0.9792,0.6292,10.1289
baseline,30.0,85.0,10,87.105,57.718,1930.534,12.8668,56.5218,0.9808,0.9403,0.9792,0.6292,10.1289
baseline,26.0,85.0,10,87.145,57.739,1930.203,12.9001,56.7707,0.9798,0.9388,0.9796,0.6294,10.09
baseline,18.0,115.0,10,87.171,38.697,1931.488,18.4073,29.4377,0.9418,0.9749,0.9797,0.6294,10.1258
baseline,18.0,120.0,10,87.181,38.772,1933.526,18.3665,29.6382,0.9403,0.9729,0.9794,0.6292,10.1052
baseline,24.0,85.0,10,87.281,58.23,1921.982,13.1858,57.0063,0.9797,0.9405,0.9798,0.6297,10.1623
baseline,18.0,110.0,10,87.587,39.549,1925.926,18.3626,32.8462,0.9422,0.9674,0.9795,0.6292,10.1065
baseline,20.0,100.0,10,87.601,45.347,1928.034,16.376,42.6202,0.9588,0.9574,0.9791,0.6292,10.1176
baseline,22.0,90.0,10,87.646,53.516,1930.424,14.5742,52.1838,0.9695,0.9503,0.9794,0.6292,10.1546
baseline,28.0,80.0,10,87.77,62.64,1932.938,12.9374,61.3038,0.9797,0.9322,0.9797,0.6293,10.1375
baseline,30.0,80.0,10,87.77,62.64,1932.938,12.9374,61.3038,0.9797,0.9322,0.9797,0.6293,10.1375
baseline,26.0,80.0,10,87.804,62.363,1931.564,12.9053,61.371,0.9795,0.9309,0.9794,0.6292,10.0861
baseline,24.0,80.0,10,88.075,63.251,1923.68,13.3648,61.5429,0.9771,0.9368,0.9798,0.6295,10.0598
baseline,18.0,105.0,10,88.238,42.573,1933.63,18.3577,37.5094,0.9404,0.9629,0.9794,0.6292,10.0903
baseline,20.0,95.0,10,88.249,49.857,1936.823,16.3714,47.479,0.9581,0.9494,0.9795,0.6292,10.1073
baseline,22.0,85.0,10,88.262,59.198,1934.03,14.4978,57.1815,0.9715,0.9407,0.9796,0.6293,10.1384
baseline,16.0,120.0,10,88.349,39.887,1922.177,20.2963,29.4386,0.9168,0.9719,0.9801,0.6299,9.96
baseline,16.0,115.0,10,88.41,40.018,1924.948,20.294,29.644,0.914,0.9692,0.9799,0.6296,10.031
baseline,26.0,75.0,10,88.426,67.683,1924.127,12.9639,66.2649,0.9785,0.9251,0.9794,0.6295,10.0148
baseline,28.0,75.0,10,88.47,67.534,1926.392,12.9555,66.3251,0.9793,0.9242,0.9793,0.6293,9.9645
baseline,30.0,75.0,10,88.47,67.534,1926.392,12.9555,66.3251,0.9793,0.9242,0.9793,0.6293,9.9645
baseline,24.0,75.0,10,88.629,67.048,1929.796,13.3016,65.8994,0.9775,0.9281,0.9792,0.6291,10.0114
baseline,18.0,100.0,10,88.762,45.79,1919.371,18.3043,42.6413,0.9424,0.9596,0.9798,0.6298,10.032
baseline,22.0,80.0,10,88.818,63.003,1930.095,14.4683,61.5337,0.9726,0.9279,0.9797,0.6294,10.0765
baseline,16.0,110.0,10,88.826,41.449,1920.541,20.3094,32.8463,0.9158,0.9677,0.9793,0.6294,10.0904
baseline,20.0,90.0,10,88.835,54.128,1933.629,16.3373,52.0698,0.9611,0.9478,0.9794,0.6292,10.0511
baseline,28.0,70.0,10,89.027,71.999,1924.52,12.9018,71.0162,0.98,0.9153,0.9795,0.6293,10.0371
baseline,30.0,70.0,10,89.027,71.999,1924.52,12.9018,71.0162,0.98,0.9153,0.9795,0.6293,10.0371
baseline,26.0,70.0,10,89.095,73.168,1925.971,12.8993,71.2913,0.9801,0.9157,0.9796,0.6292,10.1389
baseline,22.0,75.0,10,89.332,67.777,1908.079,14.5485,66.3182,0.9694,0.9255,0.9798,0.63,9.9876
baseline,20.0,85.0,10,89.439,57.458,1929.804,16.4179,56.5516,0.9574,0.9434,0.9793,0.6291,10.0611
baseline,24.0,70.0,10,89.446,72.649,1929.293,13.33,71.6071,0.9778,0.9152,0.9797,0.6293,9.9796
baseline,16.0,105.0,10,89.48,43.203,1930.209,20.2809,37.6046,0.9141,0.9645,0.9796,0.6293,10.0964
baseline,18.0,95.0,10,89.647,50.395,1934.269,18.4921,47.3766,0.9353,0.9522,0.9794,0.6291,10.0551
baseline,26.0,65.0,10,89.705,78.134,1915.44,12.9705,76.559,0.979,0.8955,0.9796,0.6295,10.0367
baseline,14.0,120.0,10,89.713,41.193,1924.64,22.207,30.0537,0.8844,0.9701,0.9798,0.6294,10.0488
baseline,14.0,115.0,10,89.78,41.27,1924.105,22.2453,30.3363,0.8814,0.9674,0.9795,0.6294,10.0948
baseline,28.0,65.0,10,89.876,78.251,1929.586,13.0115,76.6824,0.9791,0.9024,0.979,0.6289,9.8736
baseline,30.0,65.0,10,89.876,78.251,1929.586,13.0115,76.6824,0.9791,0.9024,0.979,0.6289,9.8736
baseline,24.0,65.0,10,89.925,78.439,1922.252,13.1354,76.816,0.9787,0.9006,0.9795,0.6294,10.1574
baseline,20.0,80.0,10,90.064,63.033,1923.827,16.3313,61.7587,0.9594,0.9336,0.9798,0.6293,10.0713
baseline,22.0,70.0,10,90.078,72.199,1918.911,14.5129,71.0792,0.9718,0.9144,0.9795,0.6294,10.0576
baseline,18.0,90.0,10,90.118,54.511,1923.393,18.3597,52.3323,0.9405,0.9421,0.9797,0.6294,10.0346
baseline,16.0,100.0,10,90.174,46.541,1927.697,20.2851,42.9596,0.9175,0.9529,0.9793,0.6293,10.1117
baseline,14.0,110.0,10,90.278,43.428,1923.19,22.3712,33.1856,0.8778,0.9666,0.9794,0.6294,10.2052
baseline,26.0,60.0,10,90.333,82.766,1919.938,12.9138,81.2608,0.9791,0.8853,0.9798,0.6295,10.0746
baseline,28.0,60.0,10,90.37,82.196,1921.276,12.932,81.048,0.9797,0.8857,0.9802,0.6296,10.0346
baseline,30.0,60.0,10,90.37,82.196,1921.276,12.932,81.048,0.9797,0.8857,0.9802,0.6296,10.0346
baseline,20.0,75.0,10,90.611,68.002,1918.339,16.3893,66.0712,0.9574,0.9248,0.9797,0.6294,9.9928
baseline,22.0,65.0,10,90.654,77.873,1915.484,14.462,76.309,0.9729,0.9029,0.9799,0.6296,10.0497
baseline,24.0,60.0,10,90.654,83.421,1922.039,13.3004,81.6069,0.9779,0.8833,0.9796,0.6293,10.046
baseline,18.0,85.0,10,90.739,58.94,1920.189,18.3939,56.9509,0.9382,0.9402,0.9795,0.6293,10.025
baseline,16.0,95.0,10,90.762,51.327,1923.78,20.2673,47.6173,0.9167,0.9476,0.9799,0.6294,10.0418
baseline,14.0,105.0,10,90.783,45.043,1921.102,22.2749,37.9996,0.8831,0.9597,0.9795,0.6293,10.0246
baseline,26.0,55.0,10,90.918,87.26,1917.776,12.9081,85.6768,0.9802,0.8745,0.9798,0.6295,9.9289
baseline,28.0,55.0,10,90.985,87.842,1918.729,12.9423,86.1432,0.9782,0.8708,0.9797,0.6295,10.0454
baseline,30.0,55.0,10,90.985,87.842,1918.729,12.9423,86.1432,0.9782,0.8708,0.9797,0.6295,10.0454
baseline,12.0,120.0,10,91.006,43.773,1922.264,24.2676,29.6496,0.8353,0.9697,0.9795,0.6293,10.0601
baseline,12.0,115.0,10,91.057,43.698,1919.475,24.3029,29.8454,0.8356,0.968,0.9798,0.6296,10.0831
baseline,24.0,55.0,10,91.145,87.87,1918.591,13.2576,85.8301,0.9774,0.872,0.9798,0.6295,10.1076
baseline,16.0,90.0,10,91.308,54.972,1922.563,20.2288,52.2737,0.9162,0.9442,0.9793,0.6293,10.0357
baseline,20.0,70.0,10,91.322,73.253,1915.53,16.3948,71.5094,0.9559,0.9136,0.9795,0.6293,10.0177
baseline,12.0,110.0,10,91.323,43.571,1920.798,24.1596,32.9165,0.84,0.967,0.9797,0.6295,10.0025
baseline,18.0,80.0,10,91.331,62.987,1918.964,18.324,61.9227,0.9414,0.929,0.9798,0.6295,10.0809
baseline,22.0,60.0,10,91.414,83.293,1914.615,14.4756,81.8291,0.9717,0.8843,0.9796,0.6295,10.0184
baseline,14.0,100.0,10,91.418,47.373,1922.724,22.2575,42.7363,0.8818,0.958,0.9793,0.6293,9.8736
baseline,26.0,50.0,10,91.488,92.756,1921.761,12.8023,90.5991,0.9808,0.8555,0.9796,0.6293,10.0329
baseline,28.0,50.0,10,91.55,93.285,1925.543,12.7966,90.5542,0.9799,0.8547,0.9798,0.6293,10.1183
baseline,30.0,50.0,10,91.55,93.285,1925.543,12.7966,90.5542,0.9799,0.8547,0.9798,0.6293,10.1183
baseline,24.0,50.0,10,91.687,92.296,1914.951,13.2046,90.1262,0.9775,0.8623,0.98,0.6296,10.1581
baseline,16.0,85.0,10,91.925,59.217,1913.995,20.3261,56.6429,0.9132,0.9431,0.9797,0.6296,10.1608
baseline,18.0,75.0,10,91.942,68.177,1915.624,18.3088,66.5616,0.9407,0.9221,0.9794,0.6292,10.1604
baseline,14.0,95.0,10,91.958,50.604,1915.644,22.2266,47.4419,0.8839,0.9467,0.9799,0.6297,10.0988
baseline,20.0,65.0,10,91.984,78.71,1917.891,16.328,77.0591,0.9585,0.8961,0.9798,0.6295,9.9614
baseline,22.0,55.0,10,92.031,88.156,1920.451,14.4781,86.1693,0.9716,0.8687,0.9795,0.6292,9.8833
baseline,12.0,105.0,10,92.06,45.63,1919.027,24.3018,37.8904,0.8316,0.9581,0.9798,0.6295,9.9967
baseline,28.0,45.0,10,92.061,97.978,1915.843,12.7889,94.995,0.981,0.8358,0.9796,0.6293,10.0686
baseline,30.0,45.0,10,92.061,97.978,1915.843,12.7889,94.995,0.981,0.8358,0.9796,0.6293,10.0686
baseline,26.0,45.0,10,92.124,98.583,1916.926,12.8163,95.2899,0.9803,0.837,0.9792,0.6292,10.1018
baseline,10.0,120.0,10,92.167,45.003,1917.509,26.1563,29.3306,0.7803,0.966,0.9799,0.6297,10.1719
baseline,10.0,115.0,10,92.295,45.051,1920.911,26.2286,29.5078,0.7775,0.9676,0.9796,0.6293,10.186
baseline,24.0,45.0,10,92.426,98.133,1924.75,13.2088,95.1873,0.9787,0.8395,0.9793,0.629,10.082
baseline,20.0,60.0,10,92.636,82.539,1917.969,16.3363,81.44,0.9601,0.8843,0.9796,0.6293,9.9696
baseline,18.0,70.0,10,92.64,73.866,1919.922,18.2286,72.1037,0.9434,0.9037,0.9796,0.6293,10.1006
baseline,16.0,80.0,10,92.649,64.088,1922.167,20.2816,62.1256,0.9173,0.9282,0.9793,0.6292,10.0389
baseline,12.0,100.0,10,92.67,49.073,1920.034,24.1813,43.1001,0.8426,0.9562,0.9793,0.6293,10.048
baseline,26.0,40.0,10,92.671,102.439,1915.639,12.9076,99.0954,0.9801,0.8277,0.9797,0.6294,10.1883
baseline,22.0,50.0,10,92.672,93.832,1921.003,14.4328,91.0662,0.9714,0.8534,0.9794,0.6292,10.1565
baseline,14.0,90.0,10,92.674,55.383,1916.903,22.2482,52.4729,0.8845,0.9448,0.9794,0.6293,10.0962
baseline,10.0,110.0,10,92.679,45.445,1921.4,26.1691,32.8093,0.7801,0.9643,0.9797,0.6293,10.1296
baseline,28.0,40.0,10,92.735,102.071,1917.345,12.9161,99.5198,0.9793,0.8243,0.9794,0.6292,10.2577
baseline,30.0,40.0,10,92.735,102.071,1917.345,12.9161,99.5198,0.9793,0.8243,0.9794,0.6292,10.2577
baseline,24.0,40.0,10,92.969,102.759,1917.73,13.2262,99.5051,0.9779,0.821,0.9794,0.6292,10.1796
baseline,22.0,45.0,10,93.036,97.67,1912.404,14.3592,94.9907,0.9737,0.8398,0.9799,0.6295,10.0814
baseline,20.0,55.0,10,93.228,87.609,1917.864,16.3459,85.9123,0.9554,0.8704,0.9794,0.629,9.9006
baseline,14.0,85.0,10,93.247,59.388,1911.487,22.2879,56.9632,0.8844,0.9362,0.9802,0.6297,10.0958
baseline,16.0,75.0,10,93.283,68.595,1926.165,20.206,67.0705,0.9182,0.9181,0.9795,0.6292,10.2664
baseline,28.0,35.0,10,93.294,106.32,1915.401,12.8731,104.2358,0.9811,0.8029,0.9801,0.6295,10.1205
baseline,30.0,35.0,10,93.294,106.32,1915.401,12.8731,104.2358,0.9811,0.8029,0.9801,0.6295,10.1205
baseline,26.0,35.0,10,93.323,106.57,1916.492,12.8495,104.2603,0.9793,0.8036,0.9794,0.6292,10.1005
baseline,18.0,65.0,10,93.335,77.331,1922.51,18.3402,76.699,0.939,0.8951,0.9794,0.629,10.0065
baseline,12.0,95.0,10,93.399,52.685,1921.977,24.2339,47.7208,0.842,0.9497,0.9794,0.6292,9.9731
baseline,10.0,105.0,10,93.44,47.961,1923.696,26.1928,38.3535,0.7815,0.9554,0.9791,0.6291,10.1205
baseline,24.0,35.0,10,93.575,107.513,1913.682,13.2458,104.1718,0.9771,0.7997,0.9795,0.6292,10.1267
baseline,8.0,115.0,10,93.591,46.492,1918.329,28.1193,30.1374,0.7056,0.9647,0.9796,0.6294,9.9721
baseline,8.0,120.0,10,93.632,46.597,1926.988,28.2169,29.7032,0.6991,0.966,0.9795,0.6291,9.9696
baseline,22.0,40.0,10,93.723,103.274,1911.593,14.375,100.1112,0.9743,0.8185,0.9796,0.6295,10.0494
baseline,28.0,30.0,10,93.827,111.683,1910.335,12.885,108.2825,0.9807,0.7745,0.9795,0.6294,10.1764
baseline,30.0,30.0,10,93.827,111.683,1910.335,12.885,108.2825,0.9807,0.7745,0.9795,0.6294,10.1764
baseline,20.0,50.0,10,93.842,94.026,1912.142,16.3173,91.3769,0.9595,0.8471,0.9798,0.6295,9.987
baseline,26.0,30.0,10,93.886,111.452,1915.243,12.8794,108.5785,0.9796,0.7748,0.9795,0.6292,10.1335
baseline,14.0,80.0,10,93.893,63.923,1908.474,22.328,62.0304,0.8793,0.9285,0.9799,0.6296,10.0274
baseline,10.0,100.0,10,93.931,49.728,1912.63,26.151,42.9778,0.7827,0.9543,0.9797,0.6296,10.0284
baseline,12.0,90.0,10,93.94,56.199,1911.928,24.1762,52.8825,0.8431,0.9438,0.9799,0.6296,10.1233
baseline,16.0,70.0,10,93.944,72.689,1913.795,20.3766,71.5447,0.9144,0.9077,0.9797,0.6293,10.114
baseline,18.0,60.0,10,94.027,83.16,1917.724,18.3334,82.0925,0.9388,0.8758,0.9795,0.6292,10.0435
baseline,8.0,110.0,10,94.079,47.935,1929.323,28.2123,33.1523,0.7003,0.9607,0.9796,0.6291,9.9878
baseline,24.0,30.0,10,94.228,112.951,1915.48,13.2099,109.1184,0.9769,0.7629,0.9796,0.6292,10.1487
baseline,20.0,45.0,10,94.369,97.93,1911.844,16.3148,95.2885,0.9585,0.8396,0.9799,0.6295,10.0125
baseline,22.0,35.0,10,94.393,107.963,1914.048,14.422,104.8899,0.9714,0.7942,0.9796,0.6293,10.1248
baseline,28.0,25.0,10,94.451,115.74,1908.063,12.8348,113.371,0.9791,0.7407,0.9795,0.6293,10.0785
baseline,30.0,25.0,10,94.451,115.74,1908.063,12.8348,113.371,0.9791,0.7407,0.9795,0.6293,10.0785
baseline,16.0,65.0,10,94.468,78.398,1915.462,20.1552,76.8206,0.9229,0.8952,0.9794,0.6292,10.0789
baseline,26.0,25.0,10,94.49,116.522,1906.097,12.8396,113.5629,0.9805,0.7349,0.9796,0.6294,10.068
baseline,18.0,55.0,10,94.492,88.28,1911.341,18.2175,86.6203,0.9423,0.8659,0.9795,0.6293,10.0552
baseline,12.0,85.0,10,94.584,59.837,1917.874,24.2472,57.097,0.8369,0.9391,0.9795,0.6292,10.1057
baseline,14.0,75.0,10,94.636,69.648,1918.061,22.2204,67.3073,0.8855,0.9197,0.9797,0.6293,10.0911
baseline,8.0,105.0,10,94.663,48.436,1919.627,28.1686,38.0094,0.6992,0.9565,0.9799,0.6293,10.1166
baseline,10.0,95.0,10,94.699,53.915,1926.053,26.2131,47.9347,0.7837,0.9491,0.9792,0.6289,10.0956
baseline,24.0,25.0,10,94.701,116.246,1910.148,13.159,113.3989,0.9794,0.7409,0.9796,0.6293,10.0865
baseline,6.0,115.0,10,94.808,48.25,1915.463,30.0615,30.1218,0.6049,0.9664,0.9796,0.6293,10.0048
baseline,6.0,120.0,10,94.888,48.378,1919.481,30.1204,30.2453,0.6027,0.9645,0.9793,0.6292,10.0239
baseline,20.0,40.0,10,94.968,102.633,1909.307,16.2823,100.1278,0.9609,0.8191,0.9795,0.6293,9.8998
baseline,22.0,30.0,10,95.046,111.541,1915.327,14.4998,108.9005,0.9678,0.771,0.9796,0.6291,10.1721
baseline,18.0,50.0,10,95.115,93.371,1914.105,18.1882,91.1612,0.9416,0.8461,0.9796,0.6292,10.1403
baseline,14.0,70.0,10,95.149,73.283,1908.714,22.2734,71.7319,0.8829,0.9079,0.9798,0.6295,10.0469
baseline,10.0,90.0,10,95.158,56.488,1910.84,26.1067,52.5957,0.7879,0.9416,0.9796,0.6295,10.0656
baseline,16.0,60.0,10,95.178,83.903,1916.705,20.2244,81.6948,0.9197,0.8817,0.9795,0.6291,9.9376
baseline,28.0,20.0,10,95.182,121.206,1911.228,12.9507,118.2145,0.9763,0.6931,0.9798,0.6294,10.1813
baseline,30.0,20.0,10,95.182,121.206,1911.228,12.9507,118.2145,0.9763,0.6931,0.9798,0.6294,10.1813
baseline,12.0,80.0,10,95.204,63.884,1917.056,24.1753,62.0129,0.8389,0.928,0.9797,0.6292,10.1467
baseline,26.0,20.0,10,95.232,121.155,1914.694,12.9139,118.4385,0.9786,0.6888,0.98,0.6293,10.1863
baseline,8.0,100.0,10,95.253,51.268,1911.155,28.212,42.8951,0.6967,0.9501,0.9797,0.6294,10.136
baseline,6.0,110.0,10,95.384,49.639,1921.304,30.1542,33.9111,0.5971,0.9626,0.9796,0.6294,10.0206
baseline,24.0,20.0,10,95.41,122.031,1905.828,13.1978,118.91,0.9798,0.6818,0.9798,0.6295,10.0937
baseline,22.0,25.0,10,95.46,115.522,1908.762,14.4358,112.9872,0.9704,0.7443,0.9796,0.6293,9.9849
baseline,20.0,35.0,10,95.507,107.523,1902.369,16.2382,104.6943,0.9616,0.7924,0.9798,0.6296,10.0296
baseline,12.0,75.0,10,95.708,68.045,1907.239,24.1647,66.5727,0.8431,0.9238,0.9796,0.6294,9.9753
baseline,18.0,45.0,10,95.756,98.434,1916.325,18.2157,95.9465,0.9423,0.8335,0.9794,0.6291,10.164
baseline,26.0,15.0,10,95.787,126.768,1913.887,12.8341,123.4407,0.98,0.6276,0.98,0.6293,10.1378
baseline,14.0,65.0,10,95.804,78.402,1913.141,22.1503,77.0764,0.8848,0.8934,0.9794,0.6292,9.8983
baseline,16.0,55.0,10,95.808,88.847,1913.479,20.1447,86.9383,0.9227,0.8651,0.9795,0.6292,9.9509
baseline,28.0,15.0,10,95.809,126.867,1914.514,12.8863,123.1968,0.9797,0.6267,0.9795,0.6292,10.0957
baseline,30.0,15.0,10,95.809,126.867,1914.514,12.8863,123.1968,0.9797,0.6267,0.9795,0.6292,10.0957
baseline,10.0,85.0,10,95.833,60.401,1912.393,26.1273,57.4188,0.7853,0.9363,0.9796,0.6293,9.9834
baseline,6.0,105.0,10,95.958,50.459,1915.913,30.141,38.1161,0.5982,0.956,0.9794,0.6291,10.0094
baseline,8.0,95.0,10,95.962,54.652,1916.904,28.2137,47.8659,0.7037,0.9469,0.9794,0.6291,9.9754
baseline,24.0,15.0,10,96.079,126.262,1908.831,13.1825,123.6676,0.9779,0.6255,0.9796,0.6291,10.181
baseline,4.0,115.0,10,96.162,49.836,1917.369,32.0447,30.3388,0.4626,0.9634,0.9796,0.6293,10.0758
baseline,4.0,120.0,10,96.181,50.382,1914.432,32.1003,30.3348,0.4625,0.9627,0.9794,0.6291,10.0206
baseline,22.0,20.0,10,96.201,121.586,1909.603,14.4511,118.459,0.9717,0.6844,0.9799,0.6293,10.1577
baseline,20.0,30.0,10,96.23,112.694,1914.489,16.2912,109.2458,0.9595,0.7628,0.9796,0.629,10.1432
baseline,18.0,40.0,10,96.326,103.56,1910.57,18.2594,100.3996,0.9436,0.8123,0.9794,0.6293,10.1348
baseline,16.0,50.0,10,96.338,94.117,1906.629,20.2364,91.0823,0.9188,0.8577,0.98,0.6297,10.0361
baseline,26.0,10.0,10,96.447,130.341,1908.793,12.8757,128.1091,0.9803,0.5415,0.9799,0.6293,10.1401
baseline,28.0,10.0,10,96.449,131.359,1908.661,12.861,128.2628,0.981,0.5392,0.9794,0.6292,10.2239
baseline,30.0,10.0,10,96.449,131.359,1908.661,12.861,128.2628,0.981,0.5392,0.9794,0.6292,10.2239
baseline,14.0,60.0,10,96.474,83.214,1906.442,22.2191,82.1751,0.8862,0.8777,0.9797,0.6295,10.0537
baseline,12.0,70.0,10,96.475,73.561,1906.012,24.3076,71.9589,0.8383,0.9089,0.9799,0.6297,10.1071
baseline,6.0,100.0,10,96.519,52.716,1913.006,30.0815,43.0236,0.6016,0.9542,0.9798,0.6293,10.0716
baseline,10.0,80.0,10,96.561,65.026,1913.192,26.2065,62.4396,0.7804,0.9269,0.9795,0.6292,10.0367
baseline,8.0,90.0,10,96.584,57.731,1920.361,28.1323,52.9161,0.7034,0.9395,0.9795,0.6291,10.0701
baseline,4.0,110.0,10,96.667,51.289,1918.972,32.2176,33.1725,0.4568,0.9618,0.9795,0.6291,10.0263
baseline,22.0,15.0,10,96.745,126.68,1903.024,14.3626,123.1446,0.9739,0.622,0.9799,0.6295,10.1909
baseline,24.0,10.0,10,96.784,130.722,1914.343,13.3344,127.9262,0.9773,0.5422,0.9795,0.629,10.3144
baseline,20.0,25.0,10,96.787,116.935,1910.375,16.2179,113.9368,0.9597,0.7355,0.9793,0.6291,10.0811
baseline,16.0,45.0,10,96.89,98.565,1898.349,20.2065,95.8512,0.9193,0.8292,0.9801,0.6298,10.0407
baseline,18.0,35.0,10,96.896,107.134,1907.479,18.2612,104.9113,0.9445,0.7931,0.9796,0.6293,10.0623
baseline,26.0,5.0,10,97.023,135.651,1906.534,12.899,132.6521,0.9805,0.3933,0.9798,0.6293,10.2506
baseline,28.0,5.0,10,97.075,136.085,1906.525,12.9703,132.7376,0.9788,0.3923,0.9799,0.6295,10.0768
baseline,30.0,5.0,10,97.075,136.085,1906.525,12.9703,132.7376,0.9788,0.3923,0.9799,0.6295,10.0768
baseline,14.0,55.0,10,97.152,89.965,1905.763,22.1731,87.2427,0.8862,0.8606,0.98,0.6295,10.1484
baseline,12.0,65.0,10,97.162,78.265,1908.775,24.259,76.8425,0.8386,0.8957,0.9795,0.6292,10.1178
baseline,10.0,75.0,10,97.188,69.616,1903.101,26.2524,67.5996,0.7757,0.9165,0.9797,0.6296,9.9745
baseline,24.0,5.0,10,97.204,135.707,1902.264,13.1281,132.869,0.9799,0.395,0.9796,0.6294,10.2255
baseline,4.0,105.0,10,97.209,51.882,1909.529,32.0971,38.197,0.4645,0.9558,0.9794,0.6292,10.0577
baseline,8.0,85.0,10,97.271,61.199,1923.09,28.1069,57.8221,0.7019,0.9315,0.9795,0.629,10.0754
baseline,6.0,95.0,10,97.305,55.443,1914.26,30.1641,48.4631,0.5971,0.9449,0.9798,0.6293,10.0402
baseline,2.0,120.0,10,97.451,51.878,1908.16,34.1161,30.2885,0.2724,0.9619,0.9797,0.6296,9.9234
baseline,18.0,30.0,10,97.472,112.209,1908.637,18.1709,109.7929,0.945,0.7644,0.9797,0.6293,10.1292
baseline,20.0,20.0,10,97.502,122.113,1914.694,16.3368,118.7223,0.9579,0.6893,0.9793,0.6289,10.0754
baseline,16.0,40.0,10,97.503,102.156,1906.045,20.1394,100.1998,0.9221,0.8127,0.9797,0.6294,10.1767
baseline,22.0,10.0,10,97.518,131.416,1910.173,14.4585,128.273,0.9706,0.544,0.9798,0.6291,10.2157
baseline,2.0,115.0,10,97.523,52.162,1913.052,34.1304,30.4198,0.2741,0.9631,0.9794,0.6293,9.9288
baseline,14.0,50.0,10,97.692,93.414,1910.784,22.1199,91.324,0.8873,0.8492,0.9792,0.629,10.0841
baseline,26.0,0.0,10,97.719,141.282,1908.196,12.8608,138.0587,0.9814,0.0292,0.9796,0.6293,10.121
baseline,8.0,80.0,10,97.728,65.3,1907.306,28.0423,62.5866,0.7062,0.9238,0.9799,0.6295,9.9781
baseline,28.0,0.0,10,97.769,140.837,1909.966,12.9225,137.7171,0.9785,0.0296,0.9793,0.629,10.1986
baseline,30.0,0.0,10,97.769,140.837,1909.966,12.9225,137.7171,0.9785,0.0296,0.9793,0.629,10.1986
baseline,10.0,70.0,10,97.775,74.341,1908.268,26.1858,72.2319,0.7835,0.906,0.9796,0.6293,10.1244
baseline,12.0,60.0,10,97.806,82.817,1910.835,24.1694,81.975,0.8405,0.8749,0.9792,0.629,10.1274
baseline,24.0,0.0,10,97.842,141.197,1901.657,13.1844,137.7354,0.9783,0.0302,0.9792,0.6293,10.2601
baseline,4.0,100.0,10,97.853,53.951,1915.499,32.0934,43.0016,0.4622,0.9522,0.9792,0.6292,9.9099
baseline,6.0,90.0,10,97.907,58.497,1915.169,30.1723,53.0046,0.5922,0.9409,0.9795,0.6294,9.9991
baseline,2.0,110.0,10,97.929,52.769,1918.012,34.1079,33.4055,0.2719,0.9618,0.9794,0.6291,10.0857
baseline,20.0,15.0,10,97.965,126.525,1895.119,16.3133,123.4157,0.958,0.6234,0.9799,0.6296,10.0895
baseline,18.0,25.0,10,97.967,116.831,1909.097,18.1661,113.5035,0.9439,0.7319,0.9797,0.6292,10.1068
baseline,22.0,5.0,10,97.967,135.674,1899.63,14.4053,132.5788,0.9726,0.407,0.98,0.6296,10.0942
baseline,16.0,35.0,10,98.135,107.837,1908.954,20.1501,104.6778,0.9221,0.7882,0.9797,0.6293,10.0696
baseline,14.0,45.0,10,98.256,98.765,1904.405,22.1721,96.1013,0.8902,0.8256,0.9797,0.6294,10.0792
baseline,12.0,55.0,10,98.314,88.984,1904.293,24.0883,86.9775,0.8475,0.8609,0.9798,0.6294,9.9488
baseline,8.0,75.0,10,98.354,68.167,1912.561,28.1535,66.5905,0.7034,0.9191,0.9798,0.6293,10.0811
baseline,10.0,65.0,10,98.431,78.855,1911.263,26.1234,77.2682,0.7826,0.8935,0.9795,0.6291,10.0328
baseline,6.0,85.0,10,98.488,61.264,1914.692,30.148,57.6646,0.5959,0.9295,0.9796,0.6293,10.1253
baseline,22.0,0.0,10,98.517,140.79,1898.455,14.3657,137.0901,0.9717,0.0292,0.9797,0.6294,10.1134
baseline,4.0,95.0,10,98.577,55.719,1913.226,32.1151,48.0271,0.4623,0.9476,0.9792,0.6289,10.1344
baseline,20.0,10.0,10,98.583,130.169,1904.549,16.2551,127.9756,0.9596,0.5396,0.9801,0.6294,10.0417
baseline,2.0,105.0,10,98.612,53.854,1912.742,34.0972,38.8956,0.2769,0.9545,0.9792,0.6291,10.07
baseline,18.0,20.0,10,98.657,121.625,1906.431,18.3161,118.2707,0.9418,0.6893,0.9799,0.6294,10.0584
baseline,0.0,120.0,10,98.703,53.327,1909.427,35.9995,30.3908,0.0269,0.9642,0.9796,0.6294,10.0439
baseline,0.0,115.0,10,98.793,53.424,1912.797,36.0718,30.5758,0.027,0.9616,0.9798,0.6293,9.9261
baseline,14.0,40.0,10,98.827,103.279,1902.518,22.1175,100.589,0.8911,0.8049,0.9796,0.6294,10.0345
baseline,16.0,30.0,10,98.835,113.251,1907.996,20.1646,110.0512,0.9196,0.7618,0.9796,0.6292,10.2195
baseline,12.0,50.0,10,98.999,94.101,1911.228,24.0864,91.7052,0.8445,0.8457,0.9797,0.6292,10.018
baseline,2.0,100.0,10,99.079,55.127,1908.391,34.0073,43.0642,0.2758,0.9516,0.9796,0.6293,10.0851
baseline,10.0,60.0,10,99.079,83.431,1901.373,26.2057,82.077,0.7798,0.8768,0.9797,0.6295,10.1318
baseline,6.0,80.0,10,99.085,65.582,1904.626,30.1232,62.6464,0.6008,0.9247,0.9798,0.6295,9.9169
baseline,8.0,70.0,10,99.099,74.347,1904.486,28.1231,72.4303,0.7078,0.9006,0.9795,0.6293,10.1245
baseline,4.0,90.0,10,99.136,59.286,1910.809,32.0961,53.0713,0.4599,0.9387,0.9794,0.6293,10.0369
baseline,0.0,110.0,10,99.19,54.658,1909.282,36.0835,33.5958,0.0267,0.96,0.9794,0.6293,9.8592
baseline,20.0,5.0,10,99.303,135.831,1902.999,16.3556,132.7801,0.957,0.3853,0.9796,0.6293,10.093
baseline,18.0,15.0,10,99.306,126.594,1903.087,18.2417,123.3956,0.9441,0.6263,0.9798,0.6293,10.1356
baseline,16.0,25.0,10,99.345,117.246,1900.945,20.2079,114.4211,0.9205,0.7252,0.9797,0.6296,10.1523
baseline,14.0,35.0,10,99.45,107.86,1900.975,22.1623,105.2156,0.8889,0.784,0.9798,0.6294,10.093
baseline,12.0,45.0,10,99.515,99.48,1899.461,23.9834,96.5989,0.8488,0.8253,0.9798,0.6295,10.0959
baseline,8.0,65.0,10,99.612,78.321,1900.083,28.1358,76.9723,0.7042,0.8939,0.9798,0.6297,10.1482
baseline,10.0,55.0,10,99.652,89.129,1905.267,26.0886,86.9836,0.7877,0.8649,0.9795,0.6293,10.0312
baseline,2.0,95.0,10,99.654,56.284,1907.649,33.9767,47.7826,0.2778,0.9481,0.9797,0.6294,9.8831
baseline,4.0,85.0,10,99.672,61.86,1909.813,31.9941,57.3261,0.4681,0.9364,0.9793,0.629,10.2787
baseline,0.0,105.0,10,99.711,55.388,1904.998,35.9631,38.358,0.0271,0.955,0.9797,0.6293,10.16
baseline,6.0,75.0,10,99.728,69.915,1915.588,30.0497,67.1866,0.6063,0.9154,0.9799,0.6292,10.248
baseline,20.0,0.0,10,99.893,141.485,1897.661,16.2907,137.7966,0.9613,0.0296,0.9794,0.6292,10.2441
baseline,18.0,10.0,10,99.946,131.191,1902.931,18.2384,128.5112,0.9437,0.536,0.9796,0.6294,10.1145
baseline,16.0,20.0,10,100.071,123.058,1905.817,20.1925,119.3357,0.922,0.6806,0.9795,0.6292,10.0788
baseline,12.0,40.0,10,100.134,103.415,1896.929,24.0805,100.7668,0.8483,0.8071,0.9796,0.6295,10.0917
baseline,14.0,30.0,10,100.165,112.737,1908.109,22.0494,110.4742,0.8959,0.7574,0.9795,0.6292,10.2195
baseline,10.0,50.0,10,100.263,94.486,1900.267,26.0748,92.0326,0.7863,0.8397,0.98,0.6296,10.1022
baseline,4.0,80.0,10,100.307,65.858,1898.698,32.0093,62.7549,0.4601,0.9242,0.9798,0.6294,10.2296
baseline,8.0,60.0,10,100.318,84.465,1902.125,28.0314,82.5034,0.7123,0.8743,0.9799,0.6294,10.0813
baseline,6.0,70.0,10,100.319,73.516,1906.462,30.0214,72.0693,0.608,0.9039,0.9793,0.6292,10.1094
baseline,2.0,90.0,10,100.405,59.43,1912.274,34.0061,52.8292,0.2775,0.9397,0.9796,0.6291,10.1321
baseline,18.0,5.0,10,100.502,135.819,1896.363,18.1758,133.1148,0.9462,0.3894,0.9795,0.6294,10.1593
baseline,0.0,100.0,10,100.521,56.985,1910.925,36.0561,43.544,0.0277,0.9475,0.9794,0.629,10.1427
baseline,16.0,15.0,10,100.556,127.169,1895.208,20.0871,124.0108,0.9256,0.6186,0.9794,0.6293,10.1775
baseline,14.0,25.0,10,100.585,116.59,1896.292,22.0301,114.5508,0.8952,0.7245,0.9799,0.6296,10.1123
baseline,12.0,35.0,10,100.72,107.811,1900.222,24.021,105.5328,0.8484,0.7856,0.9798,0.6294,10.093
baseline,10.0,45.0,10,100.856,98.589,1904.282,26.0366,96.4189,0.7918,0.8247,0.9795,0.6292,9.9741
baseline,8.0,55.0,10,100.864,89.192,1902.737,27.9818,87.0316,0.7143,0.8587,0.9795,0.6293,9.9049
baseline,4.0,75.0,10,100.884,70.023,1905.136,31.9802,67.1256,0.4687,0.9168,0.9797,0.6293,10.1082
baseline,6.0,65.0,10,101.006,78.653,1894.437,30.1162,77.6614,0.5976,0.8855,0.9798,0.6296,10.0757
baseline,2.0,85.0,10,101.007,62.134,1904.798,34.0348,57.8339,0.2762,0.9289,0.9797,0.6294,10.019
baseline,0.0,95.0,10,101.076,59.01,1906.109,36.0604,48.1726,0.0281,0.9428,0.9793,0.6291,10.0174
baseline,18.0,0.0,10,101.232,140.791,1902.855,18.2403,137.8638,0.9444,0.0299,0.9797,0.6292,10.0708
baseline,16.0,10.0,10,101.272,132.006,1895.029,20.3161,128.4468,0.9166,0.5355,0.9798,0.6296,10.1155
baseline,14.0,20.0,10,101.284,122.523,1898.553,22.1075,119.6041,0.8964,0.6774,0.98,0.6295,10.1051
baseline,12.0,30.0,10,101.396,112.297,1903.129,24.098,110.0987,0.8468,0.7612,0.9797,0.6292,9.9971
baseline,10.0,40.0,10,101.495,104.318,1900.101,26.1393,101.0702,0.7818,0.8025,0.9793,0.6294,10.0359
baseline,4.0,70.0,10,101.559,74.003,1904.423,32.0677,71.9087,0.4645,0.9043,0.9797,0.6294,10.189
baseline,8.0,50.0,10,101.562,93.461,1903.247,27.9861,92.0836,0.7135,0.8397,0.9801,0.6294,9.982
baseline,2.0,80.0,10,101.601,66.661,1900.11,33.9583,62.7962,0.284,0.9199,0.9798,0.6295,10.1298
baseline,6.0,60.0,10,101.604,83.62,1896.245,30.143,82.0953,0.5995,0.8778,0.9796,0.6294,10.0922
baseline,0.0,90.0,10,101.671,61.397,1903.022,35.9963,53.0656,0.0286,0.9381,0.9795,0.6293,10.0422
baseline,16.0,5.0,10,101.836,135.809,1896.389,20.1833,133.2266,0.9183,0.3856,0.9796,0.6292,10.0501
baseline,14.0,15.0,10,101.852,127.325,1890.609,22.1838,123.9237,0.8866,0.6213,0.9795,0.6294,10.1346
baseline,12.0,25.0,10,101.931,117.442,1889.564,24.1194,114.7965,0.8464,0.7224,0.9796,0.6295,10.0667
baseline,10.0,35.0,10,102.01,107.614,1897.456,26.0627,105.5174,0.7893,0.7846,0.9799,0.6295,10.1315
baseline,8.0,45.0,10,102.194,99.87,1893.492,28.0991,96.9813,0.7028,0.8209,0.98,0.6297,9.9722
baseline,2.0,75.0,10,102.201,71.054,1895.005,33.9662,67.6852,0.2786,0.9099,0.9799,0.6296,10.0885
baseline,0.0,85.0,10,102.237,63.558,1901.176,36.0353,57.38,0.0291,0.9319,0.9798,0.6295,10.0762
baseline,4.0,65.0,10,102.296,79.443,1904.118,31.961,77.7959,0.4698,0.885,0.9797,0.6293,10.0806
baseline,6.0,55.0,10,102.296,88.97,1901.061,30.0282,87.6687,0.6071,0.853,0.9796,0.6293,9.9329
baseline,16.0,0.0,10,102.423,141.666,1893.166,20.2069,138.0727,0.9204,0.0296,0.9796,0.6295,10.0885
baseline,12.0,20.0,10,102.515,123.151,1890.937,24.0762,119.3567,0.8483,0.6757,0.9798,0.6294,10.1798
baseline,14.0,10.0,10,102.589,132.548,1901.457,22.186,128.9138,0.8866,0.535,0.9793,0.6291,10.1439
baseline,10.0,30.0,10,102.695,114.064,1892.777,26.1158,110.5919,0.7867,0.7479,0.9794,0.6295,10.0993
baseline,8.0,40.0,10,102.706,103.462,1896.251,27.8951,101.5023,0.7174,0.8036,0.9795,0.6293,10.1255
baseline,6.0,50.0,10,102.869,93.912,1899.304,29.9941,92.4856,0.6044,0.8384,0.9798,0.6295,9.9324
baseline,0.0,80.0,10,102.937,67.734,1894.146,36.0997,62.4915,0.0297,0.9238,0.9798,0.6295,10.1655
baseline,4.0,60.0,10,102.992,83.759,1908.134,32.0087,82.526,0.4637,0.8764,0.9795,0.6289,10.0618
baseline,2.0,70.0,10,103.013,75.21,1902.055,34.023,72.7667,0.2769,0.9006,0.9796,0.6292,10.1
baseline,12.0,15.0,10,103.127,127.15,1895.578,24.0362,124.0242,0.8483,0.6214,0.98,0.6295,9.9811
baseline,14.0,5.0,10,103.216,136.84,1900.424,22.1758,133.8146,0.8875,0.3847,0.9796,0.6292,10.1395
baseline,10.0,25.0,10,103.301,118.15,1897.221,26.059,115.1986,0.7849,0.7212,0.9798,0.6294,10.0979
baseline,8.0,35.0,10,103.382,108.056,1899.818,28.0252,105.6598,0.7103,0.7895,0.9797,0.6292,10.0298
baseline,6.0,45.0,10,103.495,99.841,1905.514,29.8931,97.3431,0.613,0.8171,0.9796,0.6293,10.0734
baseline,0.0,75.0,10,103.54,72.237,1895.574,35.9315,67.9079,0.0305,0.9104,0.9796,0.6293,10.0948
baseline,2.0,65.0,10,103.559,80.001,1899.388,33.9231,77.9076,0.2827,0.883,0.9795,0.6292,10.1074
baseline,4.0,55.0,10,103.644,90.216,1900.323,32.0552,87.7107,0.4687,0.8534,0.9795,0.6291,10.2214
baseline,14.0,0.0,10,103.763,141.305,1895.617,22.0572,138.8013,0.8941,0.0296,0.9798,0.6295,10.0962
baseline,12.0,10.0,10,103.794,132.58,1893.485,24.1005,128.9286,0.846,0.5368,0.9794,0.6295,9.9858
baseline,8.0,30.0,10,103.912,112.942,1893.658,27.994,110.7287,0.7058,0.7545,0.9797,0.6295,10.0819
baseline,10.0,20.0,10,103.93,123.305,1895.046,26.1245,119.8284,0.7832,0.6716,0.9797,0.6293,10.0594
baseline,6.0,40.0,10,104.051,105.487,1894.263,29.9024,101.8622,0.6096,0.7935,0.9795,0.6293,9.9598
baseline,0.0,70.0,10,104.075,75.013,1897.751,35.8362,72.4507,0.0302,0.9033,0.9799,0.6294,10.2315
baseline,2.0,60.0,10,104.205,84.001,1900.936,33.963,82.8026,0.2808,0.8716,0.9798,0.6295,10.1465
baseline,4.0,50.0,10,104.206,93.383,1900.586,32.0159,92.2524,0.4593,0.8429,0.9797,0.6292,10.1047
baseline,12.0,5.0,10,104.399,137.117,1888.317,24.0967,133.6667,0.8428,0.3708,0.9797,0.6295,10.0643
baseline,10.0,15.0,10,104.401,127.614,1888.694,26.0682,124.0828,0.7876,0.6212,0.9799,0.6296,10.1061
baseline,8.0,25.0,10,104.493,118.389,1891.121,27.8718,115.5535,0.7154,0.7136,0.9797,0.6293,10.1644
baseline,6.0,35.0,10,104.587,109.833,1891.443,29.8901,106.1265,0.6123,0.7744,0.9796,0.6295,10.2363
baseline,4.0,45.0,10,104.73,99.854,1887.926,31.8836,97.6475,0.4678,0.8117,0.9798,0.6296,10.0556
baseline,0.0,65.0,10,104.78,79.611,1895.685,35.9078,77.5288,0.0305,0.8865,0.9798,0.6294,10.1151
baseline,2.0,55.0,10,104.808,88.741,1888.293,34.0522,87.2647,0.2808,0.8637,0.9797,0.6296,10.1481
baseline,12.0,0.0,10,104.985,141.467,1888.409,24.0295,138.491,0.847,0.0314,0.9796,0.6293,10.1154
baseline,10.0,10.0,10,105.045,132.416,1885.299,26.0831,128.9659,0.7852,0.537,0.9796,0.6294,10.1091
baseline,8.0,20.0,10,105.205,122.453,1894.414,28.0216,119.8675,0.7072,0.6761,0.9799,0.6293,10.0204
baseline,6.0,30.0,10,105.216,113.163,1886.84,29.9993,110.5829,0.6106,0.7528,0.9798,0.6297,10.1067
baseline,4.0,40.0,10,105.332,104.47,1887.688,31.9832,101.7811,0.4619,0.8049,0.9801,0.6297,10.0438
baseline,2.0,50.0,10,105.411,93.869,1891.617,33.948,92.2655,0.2806,0.8409,0.9797,0.6294,10.0533
baseline,0.0,60.0,10,105.439,84.148,1887.334,35.9779,82.5589,0.031,0.8768,0.9799,0.6295,10.2397
baseline,10.0,5.0,10,105.622,137.514,1881.622,26.0259,133.8056,0.7899,0.3691,0.9798,0.6296,10.105
baseline,8.0,15.0,10,105.675,127.327,1890.523,27.9288,124.2272,0.7129,0.6238,0.9796,0.6292,10.2247
baseline,6.0,25.0,10,105.847,117.877,1884.651,30.0023,115.6205,0.6047,0.719,0.98,0.6296,10.0936
baseline,2.0,45.0,10,105.94,100.068,1888.69,33.8375,97.2221,0.2802,0.8235,0.9803,0.6298,10.0318
baseline,4.0,35.0,10,105.989,110.096,1887.398,31.9037,106.9941,0.4643,0.7772,0.9797,0.6295,10.1002
baseline,0.0,55.0,10,106.059,88.99,1889.747,35.898,87.624,0.0306,0.8593,0.9796,0.6294,10.1749
baseline,10.0,0.0,10,106.37,142.487,1890.878,26.0404,138.9181,0.7874,0.03,0.98,0.6293,10.0715
baseline,8.0,10.0,10,106.383,132.296,1890.88,27.9933,129.2559,0.7075,0.5388,0.98,0.6294,10.0568
baseline,6.0,20.0,10,106.517,123.241,1889.906,29.9386,120.5752,0.6075,0.6777,0.9797,0.6293,10.1342
baseline,4.0,30.0,10,106.561,114.312,1887.565,31.9137,111.2997,0.4686,0.7465,0.9796,0.6294,10.0252
baseline,0.0,50.0,10,106.627,94.316,1892.275,35.8112,92.7022,0.0311,0.8385,0.9798,0.6296,9.953
baseline,2.0,40.0,10,106.721,105.926,1889.678,33.8494,102.6264,0.2868,0.7947,0.9796,0.6293,10.073
baseline,6.0,15.0,10,106.953,126.564,1888.425,29.9109,124.4499,0.6112,0.6299,0.9801,0.6297,10.0287
baseline,8.0,5.0,10,106.987,136.878,1887.4,28.0967,133.5046,0.707,0.3901,0.9795,0.6293,10.0906
baseline,4.0,25.0,10,107.146,118.856,1882.84,31.9498,115.796,0.4654,0.71,0.9799,0.6296,10.0702
baseline,2.0,35.0,10,107.192,109.341,1881.691,33.8709,106.5192,0.2745,0.7808,0.9798,0.6297,10.1995
baseline,0.0,45.0,10,107.406,100.282,1889.092,35.8272,97.9936,0.0312,0.8181,0.9797,0.6293,10.0834
baseline,8.0,0.0,10,107.54,141.74,1878.094,27.9802,138.7491,0.7121,0.0299,0.9797,0.6296,10.0793
baseline,6.0,10.0,10,107.585,132.63,1882.035,29.9702,129.211,0.6085,0.5375,0.9799,0.6297,10.1274
baseline,4.0,20.0,10,107.726,122.984,1879.69,31.9661,120.2521,0.4622,0.6762,0.9798,0.6296,10.0808
baseline,2.0,30.0,10,107.897,114.69,1890.556,33.7639,111.8435,0.2852,0.7414,0.9797,0.6293,10.1489
baseline,0.0,40.0,10,107.935,106.509,1885.472,35.7481,102.8071,0.0313,0.7951,0.9797,0.6295,10.1698
baseline,6.0,5.0,10,108.2,137.246,1876.605,29.9209,134.1587,0.6134,0.387,0.9793,0.6294,10.2605
baseline,4.0,15.0,10,108.361,127.396,1883.832,31.934,124.8715,0.4706,0.6177,0.9797,0.6295,10.0545
baseline,2.0,25.0,10,108.465,119.161,1887.216,33.9035,116.0551,0.2796,0.7128,0.9801,0.6295,10.0512
baseline,0.0,35.0,10,108.599,110.162,1885.785,35.8595,107.1185,0.0319,0.7727,0.9799,0.6295,10.2585
baseline,6.0,0.0,10,108.895,142.518,1881.813,29.9498,138.9435,0.6051,0.0296,0.9799,0.6294,9.9827
baseline,4.0,10.0,10,109.096,132.52,1885.344,32.037,129.7102,0.4584,0.5362,0.9796,0.6293,10.3535
baseline,2.0,20.0,10,109.167,123.661,1890.696,33.9447,120.7315,0.2739,0.6716,0.9797,0.6293,10.1692
baseline,0.0,30.0,10,109.187,115.107,1887.19,35.7435,112.0459,0.0312,0.7425,0.9796,0.6292,10.199
baseline,4.0,5.0,10,109.615,137.52,1882.277,31.9997,134.3529,0.4617,0.3777,0.9798,0.6294,10.1153
baseline,2.0,15.0,10,109.662,128.23,1884.244,33.9292,125.0106,0.2863,0.6243,0.98,0.6295,10.1859
baseline,0.0,25.0,10,109.689,118.818,1878.89,35.7866,116.366,0.0314,0.7139,0.9797,0.6296,10.1277
baseline,4.0,0.0,10,110.253,143.297,1878.929,31.9692,139.3929,0.4738,0.0303,0.9797,0.6295,10.2544
baseline,2.0,10.0,10,110.257,132.738,1878.749,33.865,129.8829,0.2848,0.54,0.9794,0.6295,10.218
baseline,0.0,20.0,10,110.426,124.238,1881.165,35.8244,121.4515,0.0312,0.6695,0.9802,0.6297,10.1318
baseline,2.0,5.0,10,110.902,137.588,1877.5,33.9825,134.2756,0.2832,0.3925,0.9796,0.6295,10.2159
baseline,0.0,15.0,10,111.014,129.449,1881.465,35.8426,125.8852,0.0314,0.619,0.9801,0.6296,10.1056
baseline,0.0,10.0,10,111.556,132.895,1871.712,35.9648,129.8762,0.0314,0.5328,0.9801,0.6298,10.3609
baseline,2.0,0.0,10,111.583,143.083,1877.623,33.9366,139.5486,0.2797,0.0307,0.9795,0.6292,10.2929
baseline,0.0,5.0,10,112.19,137.526,1872.442,35.9779,134.41,0.0315,0.394,0.9799,0.6296,10.2901
baseline,0.0,0.0,10,112.862,143.281,1880.923,35.8829,139.8339,0.0315,0.0313,0.9799,0.6294,10.249
