k_level3,k_level4,replications,avg_waiting_time,p95_waiting_time,avg_time_in_system,level3_avg_wait,level4_avg_wait,level3_service_level,level4_service_level,doctor_utilization,nurse_utilization,avg_waiting_time_sd
26.0,120.0,10,83.699,35.357,1935.012,12.9651,29.7888,0.9782,0.9728,0.9793,0.6293,10.1631
28.0,120.0,10,83.719,35.351,1935.498,13.0259,29.772,0.9788,0.9719,0.9799,0.6296,10.1347
30.0,120.0,10,83.719,35.351,1935.498,13.0259,29.772,0.9788,0.9719,0.9799,0.6296,10.1347
26.0,115.0,10,83.739,35.062,1940.229,13.0287,29.6787,0.9794,0.9736,0.9796,0.6293,10.1622
28.0,115.0,10,83.832,35.201,1943.857,13.048,29.85,0.9793,0.9715,0.9794,0.6292,10.2322
30.0,115.0,10,83.832,35.201,1943.857,13.048,29.85,0.9793,0.9715,0.9794,0.6292,10.2322
24.0,120.0,10,83.877,35.239,1935.543,13.332,29.2731,0.9775,0.9743,0.9793,0.6292,10.0467
24.0,115.0,10,83.899,35.881,1932.382,13.3171,29.814,0.9767,0.9717,0.9793,0.6293,10.0347
28.0,110.0,10,83.968,36.836,1934.786,12.8866,32.3475,0.9798,0.9708,0.9796,0.6294,10.1187
30.0,110.0,10,83.968,36.836,1934.786,12.8866,32.3475,0.9798,0.9708,0.9796,0.6294,10.1187
26.0,110.0,10,83.981,36.664,1930.346,12.9329,32.5199,0.9806,0.9713,0.98,0.6296,10.1049
24.0,110.0,10,84.437,37.67,1945.842,13.2982,33.3246,0.9766,0.9675,0.9792,0.629,10.0873
22.0,120.0,10,84.642,35.429,1934.478,14.5122,29.4356,0.971,0.9718,0.9798,0.6293,9.9726
26.0,105.0,10,84.653,40.159,1929.456,12.9652,37.5991,0.9806,0.9637,0.9799,0.6296,10.2198
28.0,105.0,10,84.668,39.874,1930.113,12.9922,37.4077,0.9772,0.9669,0.9795,0.6294,10.0874
30.0,105.0,10,84.668,39.874,1930.113,12.9922,37.4077,0.9772,0.9669,0.9795,0.6294,10.0874
22.0,115.0,10,84.684,36.033,1937.73,14.5937,29.2963,0.9693,0.9742,0.9798,0.6295,10.0376
24.0,105.0,10,84.982,40.371,1932.334,13.318,37.9097,0.9787,0.9622,0.9797,0.6296,10.0667
22.0,110.0,10,85.128,37.48,1939.255,14.507,32.7374,0.9716,0.9689,0.9798,0.6291,10.0109
26.0,100.0,10,85.318,44.874,1929.825,12.9758,42.5828,0.9779,0.9627,0.9797,0.6295,10.0877
28.0,100.0,10,85.344,44.326,1933.176,12.9934,42.5227,0.9787,0.9585,0.9795,0.6295,10.069
30.0,100.0,10,85.344,44.326,1933.176,12.9934,42.5227,0.9787,0.9585,0.9795,0.6295,10.069
24.0,100.0,10,85.6,44.343,1934.815,13.3098,42.7078,0.9788,0.9618,0.9795,0.6292,9.906
22.0,105.0,10,85.725,40.76,1928.206,14.4756,37.7878,0.9745,0.9622,0.9796,0.6293,10.0674
20.0,120.0,10,85.805,37.156,1929.639,16.3565,29.5095,0.9612,0.9709,0.9798,0.6296,10.0914
20.0,115.0,10,85.869,37.083,1932.739,16.3892,29.622,0.9619,0.9713,0.9797,0.6295,10.0231
28.0,95.0,10,85.939,49.578,1936.208,12.8485,47.4449,0.9804,0.9536,0.9795,0.6293,10.2103
30.0,95.0,10,85.939,49.578,1936.208,12.8485,47.4449,0.9804,0.9536,0.9795,0.6293,10.2103
26.0,95.0,10,86.043,48.807,1940.455,12.9483,47.2709,0.9794,0.9527,0.9792,0.6289,10.1926
24.0,95.0,10,86.147,48.504,1934.78,13.2469,47.017,0.9785,0.9578,0.9794,0.6292,10.1442
20.0,110.0,10,86.332,38.793,1937.489,16.3958,32.7429,0.9587,0.9696,0.9794,0.6292,10.095
22.0,100.0,10,86.408,44.908,1926.718,14.6376,42.5764,0.9705,0.9588,0.9797,0.6295,10.063
26.0,90.0,10,86.637,53.108,1929.84,12.975,52.1279,0.9785,0.9491,0.9793,0.6291,10.1162
28.0,90.0,10,86.642,53.633,1934.83,12.985,52.0727,0.9765,0.9478,0.9797,0.6293,10.0881
30.0,90.0,10,86.642,53.633,1934.83,12.985,52.0727,0.9765,0.9478,0.9797,0.6293,10.0881
24.0,90.0,10,86.721,52.658,1929.346,13.2255,51.7051,0.9792,0.9522,0.9797,0.6294,10.0402
22.0,95.0,10,87.003,49.37,1937.482,14.4747,47.4849,0.972,0.9519,0.9797,0.6293,10.1409
20.0,105.0,10,87.021,41.543,1936.506,16.409,37.6154,0.9569,0.9676,0.9793,0.6291,10.0122
28.0,85.0,10,87.105,57.718,1930.534,12.8668,56.5218,0.9808,0.9403,0.9792,0.6292,10.1289
30.0,85.0,10,87.105,57.718,1930.534,12.8668,56.5218,0.9808,0.9403,0.9792,0.6292,10.1289
26.0,85.0,10,87.145,57.739,1930.203,12.9001,56.7707,0.9798,0.9388,0.9796,0.6294,10.09
18.0,115.0,10,87.171,38.697,1931.488,18.4073,29.4377,0.9418,0.9749,0.9797,0.6294,10.1258
18.0,120.0,10,87.181,38.772,1933.526,18.3665,29.6382,0.9403,0.9729,0.9794,0.6292,10.1052
24.0,85.0,10,87.281,58.23,1921.982,13.1858,57.0063,0.9797,0.9405,0.9798,0.6297,10.1623
18.0,110.0,10,87.587,39.549,1925.926,18.3626,32.8462,0.9422,0.9674,0.9795,0.6292,10.1065
20.0,100.0,10,87.601,45.347,1928.034,16.376,42.6202,0.9588,0.9574,0.9791,0.6292,10.1176
22.0,90.0,10,87.646,53.516,1930.424,14.5742,52.1838,0.9695,0.9503,0.9794,0.6292,10.1546
28.0,80.0,10,87.77,62.64,1932.938,12.9374,61.3038,0.9797,0.9322,0.9797,0.6293,10.1375
30.0,80.0,10,87.77,62.64,1932.938,12.9374,61.3038,0.9797,0.9322,0.9797,0.6293,10.1375
26.0,80.0,10,87.804,62.363,1931.564,12.9053,61.371,0.9795,0.9309,0.9794,0.6292,10.0861
24.0,80.0,10,88.075,63.251,1923.68,13.3648,61.5429,0.9771,0.9368,0.9798,0.6295,10.0598
18.0,105.0,10,88.238,42.573,1933.63,18.3577,37.5094,0.9404,0.9629,0.9794,0.6292,10.0903
20.0,95.0,10,88.249,49.857,1936.823,16.3714,47.479,0.9581,0.9494,0.9795,0.6292,10.1073
22.0,85.0,10,88.262,59.198,1934.03,14.4978,57.1815,0.9715,0.9407,0.9796,0.6293,10.1384
16.0,120.0,10,88.349,39.887,1922.177,20.2963,29.4386,0.9168,0.9719,0.9801,0.6299,9.96
16.0,115.0,10,88.41,40.018,1924.948,20.294,29.644,0.914,0.9692,0.9799,0.6296,10.031
26.0,75.0,10,88.426,67.683,1924.127,12.9639,66.2649,0.9785,0.9251,0.9794,0.6295,10.0148
28.0,75.0,10,88.47,67.534,1926.392,12.9555,66.3251,0.9793,0.9242,0.9793,0.6293,9.9645
30.0,75.0,10,88.47,67.534,1926.392,12.9555,66.3251,0.9793,0.9242,0.9793,0.6293,9.9645
24.0,75.0,10,88.629,67.048,1929.796,13.3016,65.8994,0.9775,0.9281,0.9792,0.6291,10.0114
18.0,100.0,10,88.762,45.79,1919.371,18.3043,42.6413,0.9424,0.9596,0.9798,0.6298,10.032
22.0,80.0,10,88.818,63.003,1930.095,14.4683,61.5337,0.9726,0.9279,0.9797,0.6294,10.0765
16.0,110.0,10,88.826,41.449,1920.541,20.3094,32.8463,0.9158,0.9677,0.9793,0.6294,10.0904
20.0,90.0,10,88.835,54.128,1933.629,16.3373,52.0698,0.9611,0.9478,0.9794,0.6292,10.0511
28.0,70.0,10,89.027,71.999,1924.52,12.9018,71.0162,0.98,0.9153,0.9795,0.6293,10.0371
30.0,70.0,10,89.027,71.999,1924.52,12.9018,71.0162,0.98,0.9153,0.9795,0.6293,10.0371
26.0,70.0,10,89.095,73.168,1925.971,12.8993,71.2913,0.9801,0.9157,0.9796,0.6292,10.1389
22.0,75.0,10,89.332,67.777,1908.079,14.5485,66.3182,0.9694,0.9255,0.9798,0.63,9.9876
20.0,85.0,10,89.439,57.458,1929.804,16.4179,56.5516,0.9574,0.9434,0.9793,0.6291,10.0611
24.0,70.0,10,89.446,72.649,1929.293,13.33,71.6071,0.9778,0.9152,0.9797,0.6293,9.9796
16.0,105.0,10,89.48,43.203,1930.209,20.2809,37.6046,0.9141,0.9645,0.9796,0.6293,10.0964
18.0,95.0,10,89.647,50.395,1934.269,18.4921,47.3766,0.9353,0.9522,0.9794,0.6291,10.0551
26.0,65.0,10,89.705,78.134,1915.44,12.9705,76.559,0.979,0.8955,0.9796,0.6295,10.0367
14.0,120.0,10,89.713,41.193,1924.64,22.207,30.0537,0.8844,0.9701,0.9798,0.6294,10.0488
14.0,115.0,10,89.78,41.27,1924.105,22.2453,30.3363,0.8814,0.9674,0.9795,0.6294,10.0948
28.0,65.0,10,89.876,78.251,1929.586,13.0115,76.6824,0.9791,0.9024,0.979,0.6289,9.8736
30.0,65.0,10,89.876,78.251,1929.586,13.0115,76.6824,0.9791,0.9024,0.979,0.6289,9.8736
24.0,65.0,10,89.925,78.439,1922.252,13.1354,76.816,0.9787,0.9006,0.9795,0.6294,10.1574
20.0,80.0,10,90.064,63.033,1923.827,16.3313,61.7587,0.9594,0.9336,0.9798,0.6293,10.0713
22.0,70.0,10,90.078,72.199,1918.911,14.5129,71.0792,0.9718,0.9144,0.9795,0.6294,10.0576
18.0,90.0,10,90.118,54.511,1923.393,18.3597,52.3323,0.9405,0.9421,0.9797,0.6294,10.0346
16.0,100.0,10,90.174,46.541,1927.697,20.2851,42.9596,0.9175,0.9529,0.9793,0.6293,10.1117
14.0,110.0,10,90.278,43.428,1923.19,22.3712,33.1856,0.8778,0.9666,0.9794,0.6294,10.2052
26.0,60.0,10,90.333,82.766,1919.938,12.9138,81.2608,0.9791,0.8853,0.9798,0.6295,10.0746
28.0,60.0,10,90.37,82.196,1921.276,12.932,81.048,0.9797,0.8857,0.9802,0.6296,10.0346
30.0,60.0,10,90.37,82.196,1921.276,12.932,81.048,0.9797,0.8857,0.9802,0.6296,10.0346
20.0,75.0,10,90.611,68.002,1918.339,16.3893,66.0712,0.9574,0.9248,0.9797,0.6294,9.9928
22.0,65.0,10,90.654,77.873,1915.484,14.462,76.309,0.9729,0.9029,0.9799,0.6296,10.0497
24.0,60.0,10,90.654,83.421,1922.039,13.3004,81.6069,0.9779,0.8833,0.9796,0.6293,10.046
18.0,85.0,10,90.739,58.94,1920.189,18.3939,56.9509,0.9382,0.9402,0.9795,0.6293,10.025
16.0,95.0,10,90.762,51.327,1923.78,20.2673,47.6173,0.9167,0.9476,0.9799,0.6294,10.0418
14.0,105.0,10,90.783,45.043,1921.102,22.2749,37.9996,0.8831,0.9597,0.9795,0.6293,10.0246
26.0,55.0,10,90.918,87.26,1917.776,12.9081,85.6768,0.9802,0.8745,0.9798,0.6295,9.9289
28.0,55.0,10,90.985,87.842,1918.729,12.9423,86.1432,0.9782,0.8708,0.9797,0.6295,10.0454
30.0,55.0,10,90.985,87.842,1918.729,12.9423,86.1432,0.9782,0.8708,0.9797,0.6295,10.0454
12.0,120.0,10,91.006,43.773,1922.264,24.2676,29.6496,0.8353,0.9697,0.9795,0.6293,10.0601
12.0,115.0,10,91.057,43.698,1919.475,24.3029,29.8454,0.8356,0.968,0.9798,0.6296,10.0831
24.0,55.0,10,91.145,87.87,1918.591,13.2576,85.8301,0.9774,0.872,0.9798,0.6295,10.1076
16.0,90.0,10,91.308,54.972,1922.563,20.2288,52.2737,0.9162,0.9442,0.9793,0.6293,10.0357
20.0,70.0,10,91.322,73.253,1915.53,16.3948,71.5094,0.9559,0.9136,0.9795,0.6293,10.0177
12.0,110.0,10,91.323,43.571,1920.798,24.1596,32.9165,0.84,0.967,0.9797,0.6295,10.0025
18.0,80.0,10,91.331,62.987,1918.964,18.324,61.9227,0.9414,0.929,0.9798,0.6295,10.0809
22.0,60.0,10,91.414,83.293,1914.615,14.4756,81.8291,0.9717,0.8843,0.9796,0.6295,10.0184
14.0,100.0,10,91.418,47.373,1922.724,22.2575,42.7363,0.8818,0.958,0.9793,0.6293,9.8736
26.0,50.0,10,91.488,92.756,1921.761,12.8023,90.5991,0.9808,0.8555,0.9796,0.6293,10.0329
28.0,50.0,10,91.55,93.285,1925.543,12.7966,90.5542,0.9799,0.8547,0.9798,0.6293,10.1183
30.0,50.0,10,91.55,93.285,1925.543,12.7966,90.5542,0.9799,0.8547,0.9798,0.6293,10.1183
24.0,50.0,10,91.687,92.296,1914.951,13.2046,90.1262,0.9775,0.8623,0.98,0.6296,10.1581
16.0,85.0,10,91.925,59.217,1913.995,20.3261,56.6429,0.9132,0.9431,0.9797,0.6296,10.1608
18.0,75.0,10,91.942,68.177,1915.624,18.3088,66.5616,0.9407,0.9221,0.9794,0.6292,10.1604
14.0,95.0,10,91.958,50.604,1915.644,22.2266,47.4419,0.8839,0.9467,0.9799,0.6297,10.0988
20.0,65.0,10,91.984,78.71,1917.891,16.328,77.0591,0.9585,0.8961,0.9798,0.6295,9.9614
22.0,55.0,10,92.031,88.156,1920.451,14.4781,86.1693,0.9716,0.8687,0.9795,0.6292,9.8833
12.0,105.0,10,92.06,45.63,1919.027,24.3018,37.8904,0.8316,0.9581,0.9798,0.6295,9.9967
28.0,45.0,10,92.061,97.978,1915.843,12.7889,94.995,0.981,0.8358,0.9796,0.6293,10.0686
30.0,45.0,10,92.061,97.978,1915.843,12.7889,94.995,0.981,0.8358,0.9796,0.6293,10.0686
26.0,45.0,10,92.124,98.583,1916.926,12.8163,95.2899,0.9803,0.837,0.9792,0.6292,10.1018
10.0,120.0,10,92.167,45.003,1917.509,26.1563,29.3306,0.7803,0.966,0.9799,0.6297,10.1719
10.0,115.0,10,92.295,45.051,1920.911,26.2286,29.5078,0.7775,0.9676,0.9796,0.6293,10.186
24.0,45.0,10,92.426,98.133,1924.75,13.2088,95.1873,0.9787,0.8395,0.9793,0.629,10.082
20.0,60.0,10,92.636,82.539,1917.969,16.3363,81.44,0.9601,0.8843,0.9796,0.6293,9.9696
18.0,70.0,10,92.64,73.866,1919.922,18.2286,72.1037,0.9434,0.9037,0.9796,0.6293,10.1006
16.0,80.0,10,92.649,64.088,1922.167,20.2816,62.1256,0.9173,0.9282,0.9793,0.6292,10.0389
12.0,100.0,10,92.67,49.073,1920.034,24.1813,43.1001,0.8426,0.9562,0.9793,0.6293,10.048
26.0,40.0,10,92.671,102.439,1915.639,12.9076,99.0954,0.9801,0.8277,0.9797,0.6294,10.1883
22.0,50.0,10,92.672,93.832,1921.003,14.4328,91.0662,0.9714,0.8534,0.9794,0.6292,10.1565
14.0,90.0,10,92.674,55.383,1916.903,22.2482,52.4729,0.8845,0.9448,0.9794,0.6293,10.0962
10.0,110.0,10,92.679,45.445,1921.4,26.1691,32.8093,0.7801,0.9643,0.9797,0.6293,10.1296
28.0,40.0,10,92.735,102.071,1917.345,12.9161,99.5198,0.9793,0.8243,0.9794,0.6292,10.2577
30.0,40.0,10,92.735,102.071,1917.345,12.9161,99.5198,0.9793,0.8243,0.9794,0.6292,10.2577
24.0,40.0,10,92.969,102.759,1917.73,13.2262,99.5051,0.9779,0.821,0.9794,0.6292,10.1796
22.0,45.0,10,93.036,97.67,1912.404,14.3592,94.9907,0.9737,0.8398,0.9799,0.6295,10.0814
20.0,55.0,10,93.228,87.609,1917.864,16.3459,85.9123,0.9554,0.8704,0.9794,0.629,9.9006
14.0,85.0,10,93.247,59.388,1911.487,22.2879,56.9632,0.8844,0.9362,0.9802,0.6297,10.0958
16.0,75.0,10,93.283,68.595,1926.165,20.206,67.0705,0.9182,0.9181,0.9795,0.6292,10.2664
28.0,35.0,10,93.294,106.32,1915.401,12.8731,104.2358,0.9811,0.8029,0.9801,0.6295,10.1205
30.0,35.0,10,93.294,106.32,1915.401,12.8731,104.2358,0.9811,0.8029,0.9801,0.6295,10.1205
26.0,35.0,10,93.323,106.57,1916.492,12.8495,104.2603,0.9793,0.8036,0.9794,0.6292,10.1005
18.0,65.0,10,93.335,77.331,1922.51,18.3402,76.699,0.939,0.8951,0.9794,0.629,10.0065
12.0,95.0,10,93.399,52.685,1921.977,24.2339,47.7208,0.842,0.9497,0.9794,0.6292,9.9731
10.0,105.0,10,93.44,47.961,1923.696,26.1928,38.3535,0.7815,0.9554,0.9791,0.6291,10.1205
24.0,35.0,10,93.575,107.513,1913.682,13.2458,104.1718,0.9771,0.7997,0.9795,0.6292,10.1267
8.0,115.0,10,93.591,46.492,1918.329,28.1193,30.1374,0.7056,0.9647,0.9796,0.6294,9.9721
8.0,120.0,10,93.632,46.597,1926.988,28.2169,29.7032,0.6991,0.966,0.9795,0.6291,9.9696
22.0,40.0,10,93.723,103.274,1911.593,14.375,100.1112,0.9743,0.8185,0.9796,0.6295,10.0494
28.0,30.0,10,93.827,111.683,1910.335,12.885,108.2825,0.9807,0.7745,0.9795,0.6294,10.1764
30.0,30.0,10,93.827,111.683,1910.335,12.885,108.2825,0.9807,0.7745,0.9795,0.6294,10.1764
20.0,50.0,10,93.842,94.026,1912.142,16.3173,91.3769,0.9595,0.8471,0.9798,0.6295,9.987
26.0,30.0,10,93.886,111.452,1915.243,12.8794,108.5785,0.9796,0.7748,0.9795,0.6292,10.1335
14.0,80.0,10,93.893,63.923,1908.474,22.328,62.0304,0.8793,0.9285,0.9799,0.6296,10.0274
10.0,100.0,10,93.931,49.728,1912.63,26.151,42.9778,0.7827,0.9543,0.9797,0.6296,10.0284
12.0,90.0,10,93.94,56.199,1911.928,24.1762,52.8825,0.8431,0.9438,0.9799,0.6296,10.1233
16.0,70.0,10,93.944,72.689,1913.795,20.3766,71.5447,0.9144,0.9077,0.9797,0.6293,10.114
18.0,60.0,10,94.027,83.16,1917.724,18.3334,82.0925,0.9388,0.8758,0.9795,0.6292,10.0435
8.0,110.0,10,94.079,47.935,1929.323,28.2123,33.1523,0.7003,0.9607,0.9796,0.6291,9.9878
24.0,30.0,10,94.228,112.951,1915.48,13.2099,109.1184,0.9769,0.7629,0.9796,0.6292,10.1487
20.0,45.0,10,94.369,97.93,1911.844,16.3148,95.2885,0.9585,0.8396,0.9799,0.6295,10.0125
22.0,35.0,10,94.393,107.963,1914.048,14.422,104.8899,0.9714,0.7942,0.9796,0.6293,10.1248
28.0,25.0,10,94.451,115.74,1908.063,12.8348,113.371,0.9791,0.7407,0.9795,0.6293,10.0785
30.0,25.0,10,94.451,115.74,1908.063,12.8348,113.371,0.9791,0.7407,0.9795,0.6293,10.0785
16.0,65.0,10,94.468,78.398,1915.462,20.1552,76.8206,0.9229,0.8952,0.9794,0.6292,10.0789
26.0,25.0,10,94.49,116.522,1906.097,12.8396,113.5629,0.9805,0.7349,0.9796,0.6294,10.068
18.0,55.0,10,94.492,88.28,1911.341,18.2175,86.6203,0.9423,0.8659,0.9795,0.6293,10.0552
12.0,85.0,10,94.584,59.837,1917.874,24.2472,57.097,0.8369,0.9391,0.9795,0.6292,10.1057
14.0,75.0,10,94.636,69.648,1918.061,22.2204,67.3073,0.8855,0.9197,0.9797,0.6293,10.0911
8.0,105.0,10,94.663,48.436,1919.627,28.1686,38.0094,0.6992,0.9565,0.9799,0.6293,10.1166
10.0,95.0,10,94.699,53.915,1926.053,26.2131,47.9347,0.7837,0.9491,0.9792,0.6289,10.0956
24.0,25.0,10,94.701,116.246,1910.148,13.159,113.3989,0.9794,0.7409,0.9796,0.6293,10.0865
6.0,115.0,10,94.808,48.25,1915.463,30.0615,30.1218,0.6049,0.9664,0.9796,0.6293,10.0048
6.0,120.0,10,94.888,48.378,1919.481,30.1204,30.2453,0.6027,0.9645,0.9793,0.6292,10.0239
20.0,40.0,10,94.968,102.633,1909.307,16.2823,100.1278,0.9609,0.8191,0.9795,0.6293,9.8998
22.0,30.0,10,95.046,111.541,1915.327,14.4998,108.9005,0.9678,0.771,0.9796,0.6291,10.1721
18.0,50.0,10,95.115,93.371,1914.105,18.1882,91.1612,0.9416,0.8461,0.9796,0.6292,10.1403
14.0,70.0,10,95.149,73.283,1908.714,22.2734,71.7319,0.8829,0.9079,0.9798,0.6295,10.0469
10.0,90.0,10,95.158,56.488,1910.84,26.1067,52.5957,0.7879,0.9416,0.9796,0.6295,10.0656
16.0,60.0,10,95.178,83.903,1916.705,20.2244,81.6948,0.9197,0.8817,0.9795,0.6291,9.9376
28.0,20.0,10,95.182,121.206,1911.228,12.9507,118.2145,0.9763,0.6931,0.9798,0.6294,10.1813
30.0,20.0,10,95.182,121.206,1911.228,12.9507,118.2145,0.9763,0.6931,0.9798,0.6294,10.1813
12.0,80.0,10,95.204,63.884,1917.056,24.1753,62.0129,0.8389,0.928,0.9797,0.6292,10.1467
26.0,20.0,10,95.232,121.155,1914.694,12.9139,118.4385,0.9786,0.6888,0.98,0.6293,10.1863
8.0,100.0,10,95.253,51.268,1911.155,28.212,42.8951,0.6967,0.9501,0.9797,0.6294,10.136
6.0,110.0,10,95.384,49.639,1921.304,30.1542,33.9111,0.5971,0.9626,0.9796,0.6294,10.0206
24.0,20.0,10,95.41,122.031,1905.828,13.1978,118.91,0.9798,0.6818,0.9798,0.6295,10.0937
22.0,25.0,10,95.46,115.522,1908.762,14.4358,112.9872,0.9704,0.7443,0.9796,0.6293,9.9849
20.0,35.0,10,95.507,107.523,1902.369,16.2382,104.6943,0.9616,0.7924,0.9798,0.6296,10.0296
12.0,75.0,10,95.708,68.045,1907.239,24.1647,66.5727,0.8431,0.9238,0.9796,0.6294,9.9753
18.0,45.0,10,95.756,98.434,1916.325,18.2157,95.9465,0.9423,0.8335,0.9794,0.6291,10.164
26.0,15.0,10,95.787,126.768,1913.887,12.8341,123.4407,0.98,0.6276,0.98,0.6293,10.1378
14.0,65.0,10,95.804,78.402,1913.141,22.1503,77.0764,0.8848,0.8934,0.9794,0.6292,9.8983
16.0,55.0,10,95.808,88.847,1913.479,20.1447,86.9383,0.9227,0.8651,0.9795,0.6292,9.9509
28.0,15.0,10,95.809,126.867,1914.514,12.8863,123.1968,0.9797,0.6267,0.9795,0.6292,10.0957
30.0,15.0,10,95.809,126.867,1914.514,12.8863,123.1968,0.9797,0.6267,0.9795,0.6292,10.0957
10.0,85.0,10,95.833,60.401,1912.393,26.1273,57.4188,0.7853,0.9363,0.9796,0.6293,9.9834
6.0,105.0,10,95.958,50.459,1915.913,30.141,38.1161,0.5982,0.956,0.9794,0.6291,10.0094
8.0,95.0,10,95.962,54.652,1916.904,28.2137,47.8659,0.7037,0.9469,0.9794,0.6291,9.9754
24.0,15.0,10,96.079,126.262,1908.831,13.1825,123.6676,0.9779,0.6255,0.9796,0.6291,10.181
4.0,115.0,10,96.162,49.836,1917.369,32.0447,30.3388,0.4626,0.9634,0.9796,0.6293,10.0758
4.0,120.0,10,96.181,50.382,1914.432,32.1003,30.3348,0.4625,0.9627,0.9794,0.6291,10.0206
22.0,20.0,10,96.201,121.586,1909.603,14.4511,118.459,0.9717,0.6844,0.9799,0.6293,10.1577
20.0,30.0,10,96.23,112.694,1914.489,16.2912,109.2458,0.9595,0.7628,0.9796,0.629,10.1432
18.0,40.0,10,96.326,103.56,1910.57,18.2594,100.3996,0.9436,0.8123,0.9794,0.6293,10.1348
16.0,50.0,10,96.338,94.117,1906.629,20.2364,91.0823,0.9188,0.8577,0.98,0.6297,10.0361
26.0,10.0,10,96.447,130.341,1908.793,12.8757,128.1091,0.9803,0.5415,0.9799,0.6293,10.1401
28.0,10.0,10,96.449,131.359,1908.661,12.861,128.2628,0.981,0.5392,0.9794,0.6292,10.2239
30.0,10.0,10,96.449,131.359,1908.661,12.861,128.2628,0.981,0.5392,0.9794,0.6292,10.2239
14.0,60.0,10,96.474,83.214,1906.442,22.2191,82.1751,0.8862,0.8777,0.9797,0.6295,10.0537
12.0,70.0,10,96.475,73.561,1906.012,24.3076,71.9589,0.8383,0.9089,0.9799,0.6297,10.1071
6.0,100.0,10,96.519,52.716,1913.006,30.0815,43.0236,0.6016,0.9542,0.9798,0.6293,10.0716
10.0,80.0,10,96.561,65.026,1913.192,26.2065,62.4396,0.7804,0.9269,0.9795,0.6292,10.0367
8.0,90.0,10,96.584,57.731,1920.361,28.1323,52.9161,0.7034,0.9395,0.9795,0.6291,10.0701
4.0,110.0,10,96.667,51.289,1918.972,32.2176,33.1725,0.4568,0.9618,0.9795,0.6291,10.0263
22.0,15.0,10,96.745,126.68,1903.024,14.3626,123.1446,0.9739,0.622,0.9799,0.6295,10.1909
24.0,10.0,10,96.784,130.722,1914.343,13.3344,127.9262,0.9773,0.5422,0.9795,0.629,10.3144
20.0,25.0,10,96.787,116.935,1910.375,16.2179,113.9368,0.9597,0.7355,0.9793,0.6291,10.0811
16.0,45.0,10,96.89,98.565,1898.349,20.2065,95.8512,0.9193,0.8292,0.9801,0.6298,10.0407
18.0,35.0,10,96.896,107.134,1907.479,18.2612,104.9113,0.9445,0.7931,0.9796,0.6293,10.0623
26.0,5.0,10,97.023,135.651,1906.534,12.899,132.6521,0.9805,0.3933,0.9798,0.6293,10.2506
28.0,5.0,10,97.075,136.085,1906.525,12.9703,132.7376,0.9788,0.3923,0.9799,0.6295,10.0768
30.0,5.0,10,97.075,136.085,1906.525,12.9703,132.7376,0.9788,0.3923,0.9799,0.6295,10.0768
14.0,55.0,10,97.152,89.965,1905.763,22.1731,87.2427,0.8862,0.8606,0.98,0.6295,10.1484
12.0,65.0,10,97.162,78.265,1908.775,24.259,76.8425,0.8386,0.8957,0.9795,0.6292,10.1178
10.0,75.0,10,97.188,69.616,1903.101,26.2524,67.5996,0.7757,0.9165,0.9797,0.6296,9.9745
24.0,5.0,10,97.204,135.707,1902.264,13.1281,132.869,0.9799,0.395,0.9796,0.6294,10.2255
4.0,105.0,10,97.209,51.882,1909.529,32.0971,38.197,0.4645,0.9558,0.9794,0.6292,10.0577
8.0,85.0,10,97.271,61.199,1923.09,28.1069,57.8221,0.7019,0.9315,0.9795,0.629,10.0754
6.0,95.0,10,97.305,55.443,1914.26,30.1641,48.4631,0.5971,0.9449,0.9798,0.6293,10.0402
2.0,120.0,10,97.451,51.878,1908.16,34.1161,30.2885,0.2724,0.9619,0.9797,0.6296,9.9234
18.0,30.0,10,97.472,112.209,1908.637,18.1709,109.7929,0.945,0.7644,0.9797,0.6293,10.1292
20.0,20.0,10,97.502,122.113,1914.694,16.3368,118.7223,0.9579,0.6893,0.9793,0.6289,10.0754
16.0,40.0,10,97.503,102.156,1906.045,20.1394,100.1998,0.9221,0.8127,0.9797,0.6294,10.1767
22.0,10.0,10,97.518,131.416,1910.173,14.4585,128.273,0.9706,0.544,0.9798,0.6291,10.2157
2.0,115.0,10,97.523,52.162,1913.052,34.1304,30.4198,0.2741,0.9631,0.9794,0.6293,9.9288
14.0,50.0,10,97.692,93.414,1910.784,22.1199,91.324,0.8873,0.8492,0.9792,0.629,10.0841
26.0,0.0,10,97.719,141.282,1908.196,12.8608,138.0587,0.9814,0.0292,0.9796,0.6293,10.121
8.0,80.0,10,97.728,65.3,1907.306,28.0423,62.5866,0.7062,0.9238,0.9799,0.6295,9.9781
28.0,0.0,10,97.769,140.837,1909.966,12.9225,137.7171,0.9785,0.0296,0.9793,0.629,10.1986
30.0,0.0,10,97.769,140.837,1909.966,12.9225,137.7171,0.9785,0.0296,0.9793,0.629,10.1986
10.0,70.0,10,97.775,74.341,1908.268,26.1858,72.2319,0.7835,0.906,0.9796,0.6293,10.1244
12.0,60.0,10,97.806,82.817,1910.835,24.1694,81.975,0.8405,0.8749,0.9792,0.629,10.1274
24.0,0.0,10,97.842,141.197,1901.657,13.1844,137.7354,0.9783,0.0302,0.9792,0.6293,10.2601
4.0,100.0,10,97.853,53.951,1915.499,32.0934,43.0016,0.4622,0.9522,0.9792,0.6292,9.9099
6.0,90.0,10,97.907,58.497,1915.169,30.1723,53.0046,0.5922,0.9409,0.9795,0.6294,9.9991
2.0,110.0,10,97.929,52.769,1918.012,34.1079,33.4055,0.2719,0.9618,0.9794,0.6291,10.0857
20.0,15.0,10,97.965,126.525,1895.119,16.3133,123.4157,0.958,0.6234,0.9799,0.6296,10.0895
18.0,25.0,10,97.967,116.831,1909.097,18.1661,113.5035,0.9439,0.7319,0.9797,0.6292,10.1068
22.0,5.0,10,97.967,135.674,1899.63,14.4053,132.5788,0.9726,0.407,0.98,0.6296,10.0942
16.0,35.0,10,98.135,107.837,1908.954,20.1501,104.6778,0.9221,0.7882,0.9797,0.6293,10.0696
14.0,45.0,10,98.256,98.765,1904.405,22.1721,96.1013,0.8902,0.8256,0.9797,0.6294,10.0792
12.0,55.0,10,98.314,88.984,1904.293,24.0883,86.9775,0.8475,0.8609,0.9798,0.6294,9.9488
8.0,75.0,10,98.354,68.167,1912.561,28.1535,66.5905,0.7034,0.9191,0.9798,0.6293,10.0811
10.0,65.0,10,98.431,78.855,1911.263,26.1234,77.2682,0.7826,0.8935,0.9795,0.6291,10.0328
6.0,85.0,10,98.488,61.264,1914.692,30.148,57.6646,0.5959,0.9295,0.9796,0.6293,10.1253
22.0,0.0,10,98.517,140.79,1898.455,14.3657,137.0901,0.9717,0.0292,0.9797,0.6294,10.1134
4.0,95.0,10,98.577,55.719,1913.226,32.1151,48.0271,0.4623,0.9476,0.9792,0.6289,10.1344
20.0,10.0,10,98.583,130.169,1904.549,16.2551,127.9756,0.9596,0.5396,0.9801,0.6294,10.0417
2.0,105.0,10,98.612,53.854,1912.742,34.0972,38.8956,0.2769,0.9545,0.9792,0.6291,10.07
18.0,20.0,10,98.657,121.625,1906.431,18.3161,118.2707,0.9418,0.6893,0.9799,0.6294,10.0584
0.0,120.0,10,98.703,53.327,1909.427,35.9995,30.3908,0.0269,0.9642,0.9796,0.6294,10.0439
0.0,115.0,10,98.793,53.424,1912.797,36.0718,30.5758,0.027,0.9616,0.9798,0.6293,9.9261
14.0,40.0,10,98.827,103.279,1902.518,22.1175,100.589,0.8911,0.8049,0.9796,0.6294,10.0345
16.0,30.0,10,98.835,113.251,1907.996,20.1646,110.0512,0.9196,0.7618,0.9796,0.6292,10.2195
12.0,50.0,10,98.999,94.101,1911.228,24.0864,91.7052,0.8445,0.8457,0.9797,0.6292,10.018
2.0,100.0,10,99.079,55.127,1908.391,34.0073,43.0642,0.2758,0.9516,0.9796,0.6293,10.0851
10.0,60.0,10,99.079,83.431,1901.373,26.2057,82.077,0.7798,0.8768,0.9797,0.6295,10.1318
6.0,80.0,10,99.085,65.582,1904.626,30.1232,62.6464,0.6008,0.9247,0.9798,0.6295,9.9169
8.0,70.0,10,99.099,74.347,1904.486,28.1231,72.4303,0.7078,0.9006,0.9795,0.6293,10.1245
4.0,90.0,10,99.136,59.286,1910.809,32.0961,53.0713,0.4599,0.9387,0.9794,0.6293,10.0369
0.0,110.0,10,99.19,54.658,1909.282,36.0835,33.5958,0.0267,0.96,0.9794,0.6293,9.8592
20.0,5.0,10,99.303,135.831,1902.999,16.3556,132.7801,0.957,0.3853,0.9796,0.6293,10.093
18.0,15.0,10,99.306,126.594,1903.087,18.2417,123.3956,0.9441,0.6263,0.9798,0.6293,10.1356
16.0,25.0,10,99.345,117.246,1900.945,20.2079,114.4211,0.9205,0.7252,0.9797,0.6296,10.1523
14.0,35.0,10,99.45,107.86,1900.975,22.1623,105.2156,0.8889,0.784,0.9798,0.6294,10.093
12.0,45.0,10,99.515,99.48,1899.461,23.9834,96.5989,0.8488,0.8253,0.9798,0.6295,10.0959
8.0,65.0,10,99.612,78.321,1900.083,28.1358,76.9723,0.7042,0.8939,0.9798,0.6297,10.1482
10.0,55.0,10,99.652,89.129,1905.267,26.0886,86.9836,0.7877,0.8649,0.9795,0.6293,10.0312
2.0,95.0,10,99.654,56.284,1907.649,33.9767,47.7826,0.2778,0.9481,0.9797,0.6294,9.8831
4.0,85.0,10,99.672,61.86,1909.813,31.9941,57.3261,0.4681,0.9364,0.9793,0.629,10.2787
0.0,105.0,10,99.711,55.388,1904.998,35.9631,38.358,0.0271,0.955,0.9797,0.6293,10.16
6.0,75.0,10,99.728,69.915,1915.588,30.0497,67.1866,0.6063,0.9154,0.9799,0.6292,10.248
20.0,0.0,10,99.893,141.485,1897.661,16.2907,137.7966,0.9613,0.0296,0.9794,0.6292,10.2441
18.0,10.0,10,99.946,131.191,1902.931,18.2384,128.5112,0.9437,0.536,0.9796,0.6294,10.1145
16.0,20.0,10,100.071,123.058,1905.817,20.1925,119.3357,0.922,0.6806,0.9795,0.6292,10.0788
12.0,40.0,10,100.134,103.415,1896.929,24.0805,100.7668,0.8483,0.8071,0.9796,0.6295,10.0917
14.0,30.0,10,100.165,112.737,1908.109,22.0494,110.4742,0.8959,0.7574,0.9795,0.6292,10.2195
10.0,50.0,10,100.263,94.486,1900.267,26.0748,92.0326,0.7863,0.8397,0.98,0.6296,10.1022
4.0,80.0,10,100.307,65.858,1898.698,32.0093,62.7549,0.4601,0.9242,0.9798,0.6294,10.2296
8.0,60.0,10,100.318,84.465,1902.125,28.0314,82.5034,0.7123,0.8743,0.9799,0.6294,10.0813
6.0,70.0,10,100.319,73.516,1906.462,30.0214,72.0693,0.608,0.9039,0.9793,0.6292,10.1094
2.0,90.0,10,100.405,59.43,1912.274,34.0061,52.8292,0.2775,0.9397,0.9796,0.6291,10.1321
18.0,5.0,10,100.502,135.819,1896.363,18.1758,133.1148,0.9462,0.3894,0.9795,0.6294,10.1593
0.0,100.0,10,100.521,56.985,1910.925,36.0561,43.544,0.0277,0.9475,0.9794,0.629,10.1427
16.0,15.0,10,100.556,127.169,1895.208,20.0871,124.0108,0.9256,0.6186,0.9794,0.6293,10.1775
14.0,25.0,10,100.585,116.59,1896.292,22.0301,114.5508,0.8952,0.7245,0.9799,0.6296,10.1123
12.0,35.0,10,100.72,107.811,1900.222,24.021,105.5328,0.8484,0.7856,0.9798,0.6294,10.093
10.0,45.0,10,100.856,98.589,1904.282,26.0366,96.4189,0.7918,0.8247,0.9795,0.6292,9.9741
8.0,55.0,10,100.864,89.192,1902.737,27.9818,87.0316,0.7143,0.8587,0.9795,0.6293,9.9049
4.0,75.0,10,100.884,70.023,1905.136,31.9802,67.1256,0.4687,0.9168,0.9797,0.6293,10.1082
6.0,65.0,10,101.006,78.653,1894.437,30.1162,77.6614,0.5976,0.8855,0.9798,0.6296,10.0757
2.0,85.0,10,101.007,62.134,1904.798,34.0348,57.8339,0.2762,0.9289,0.9797,0.6294,10.019
0.0,95.0,10,101.076,59.01,1906.109,36.0604,48.1726,0.0281,0.9428,0.9793,0.6291,10.0174
18.0,0.0,10,101.232,140.791,1902.855,18.2403,137.8638,0.9444,0.0299,0.9797,0.6292,10.0708
16.0,10.0,10,101.272,132.006,1895.029,20.3161,128.4468,0.9166,0.5355,0.9798,0.6296,10.1155
14.0,20.0,10,101.284,122.523,1898.553,22.1075,119.6041,0.8964,0.6774,0.98,0.6295,10.1051
12.0,30.0,10,101.396,112.297,1903.129,24.098,110.0987,0.8468,0.7612,0.9797,0.6292,9.9971
10.0,40.0,10,101.495,104.318,1900.101,26.1393,101.0702,0.7818,0.8025,0.9793,0.6294,10.0359
4.0,70.0,10,101.559,74.003,1904.423,32.0677,71.9087,0.4645,0.9043,0.9797,0.6294,10.189
8.0,50.0,10,101.562,93.461,1903.247,27.9861,92.0836,0.7135,0.8397,0.9801,0.6294,9.982
2.0,80.0,10,101.601,66.661,1900.11,33.9583,62.7962,0.284,0.9199,0.9798,0.6295,10.1298
6.0,60.0,10,101.604,83.62,1896.245,30.143,82.0953,0.5995,0.8778,0.9796,0.6294,10.0922
0.0,90.0,10,101.671,61.397,1903.022,35.9963,53.0656,0.0286,0.9381,0.9795,0.6293,10.0422
16.0,5.0,10,101.836,135.809,1896.389,20.1833,133.2266,0.9183,0.3856,0.9796,0.6292,10.0501
14.0,15.0,10,101.852,127.325,1890.609,22.1838,123.9237,0.8866,0.6213,0.9795,0.6294,10.1346
12.0,25.0,10,101.931,117.442,1889.564,24.1194,114.7965,0.8464,0.7224,0.9796,0.6295,10.0667
10.0,35.0,10,102.01,107.614,1897.456,26.0627,105.5174,0.7893,0.7846,0.9799,0.6295,10.1315
8.0,45.0,10,102.194,99.87,1893.492,28.0991,96.9813,0.7028,0.8209,0.98,0.6297,9.9722
2.0,75.0,10,102.201,71.054,1895.005,33.9662,67.6852,0.2786,0.9099,0.9799,0.6296,10.0885
0.0,85.0,10,102.237,63.558,1901.176,36.0353,57.38,0.0291,0.9319,0.9798,0.6295,10.0762
4.0,65.0,10,102.296,79.443,1904.118,31.961,77.7959,0.4698,0.885,0.9797,0.6293,10.0806
6.0,55.0,10,102.296,88.97,1901.061,30.0282,87.6687,0.6071,0.853,0.9796,0.6293,9.9329
16.0,0.0,10,102.423,141.666,1893.166,20.2069,138.0727,0.9204,0.0296,0.9796,0.6295,10.0885
12.0,20.0,10,102.515,123.151,1890.937,24.0762,119.3567,0.8483,0.6757,0.9798,0.6294,10.1798
14.0,10.0,10,102.589,132.548,1901.457,22.186,128.9138,0.8866,0.535,0.9793,0.6291,10.1439
10.0,30.0,10,102.695,114.064,1892.777,26.1158,110.5919,0.7867,0.7479,0.9794,0.6295,10.0993
8.0,40.0,10,102.706,103.462,1896.251,27.8951,101.5023,0.7174,0.8036,0.9795,0.6293,10.1255
6.0,50.0,10,102.869,93.912,1899.304,29.9941,92.4856,0.6044,0.8384,0.9798,0.6295,9.9324
0.0,80.0,10,102.937,67.734,1894.146,36.0997,62.4915,0.0297,0.9238,0.9798,0.6295,10.1655
4.0,60.0,10,102.992,83.759,1908.134,32.0087,82.526,0.4637,0.8764,0.9795,0.6289,10.0618
2.0,70.0,10,103.013,75.21,1902.055,34.023,72.7667,0.2769,0.9006,0.9796,0.6292,10.1
12.0,15.0,10,103.127,127.15,1895.578,24.0362,124.0242,0.8483,0.6214,0.98,0.6295,9.9811
14.0,5.0,10,103.216,136.84,1900.424,22.1758,133.8146,0.8875,0.3847,0.9796,0.6292,10.1395
10.0,25.0,10,103.301,118.15,1897.221,26.059,115.1986,0.7849,0.7212,0.9798,0.6294,10.0979
8.0,35.0,10,103.382,108.056,1899.818,28.0252,105.6598,0.7103,0.7895,0.9797,0.6292,10.0298
6.0,45.0,10,103.495,99.841,1905.514,29.8931,97.3431,0.613,0.8171,0.9796,0.6293,10.0734
0.0,75.0,10,103.54,72.237,1895.574,35.9315,67.9079,0.0305,0.9104,0.9796,0.6293,10.0948
2.0,65.0,10,103.559,80.001,1899.388,33.9231,77.9076,0.2827,0.883,0.9795,0.6292,10.1074
4.0,55.0,10,103.644,90.216,1900.323,32.0552,87.7107,0.4687,0.8534,0.9795,0.6291,10.2214
14.0,0.0,10,103.763,141.305,1895.617,22.0572,138.8013,0.8941,0.0296,0.9798,0.6295,10.0962
12.0,10.0,10,103.794,132.58,1893.485,24.1005,128.9286,0.846,0.5368,0.9794,0.6295,9.9858
8.0,30.0,10,103.912,112.942,1893.658,27.994,110.7287,0.7058,0.7545,0.9797,0.6295,10.0819
10.0,20.0,10,103.93,123.305,1895.046,26.1245,119.8284,0.7832,0.6716,0.9797,0.6293,10.0594
6.0,40.0,10,104.051,105.487,1894.263,29.9024,101.8622,0.6096,0.7935,0.9795,0.6293,9.9598
0.0,70.0,10,104.075,75.013,1897.751,35.8362,72.4507,0.0302,0.9033,0.9799,0.6294,10.2315
2.0,60.0,10,104.205,84.001,1900.936,33.963,82.8026,0.2808,0.8716,0.9798,0.6295,10.1465
4.0,50.0,10,104.206,93.383,1900.586,32.0159,92.2524,0.4593,0.8429,0.9797,0.6292,10.1047
12.0,5.0,10,104.399,137.117,1888.317,24.0967,133.6667,0.8428,0.3708,0.9797,0.6295,10.0643
10.0,15.0,10,104.401,127.614,1888.694,26.0682,124.0828,0.7876,0.6212,0.9799,0.6296,10.1061
8.0,25.0,10,104.493,118.389,1891.121,27.8718,115.5535,0.7154,0.7136,0.9797,0.6293,10.1644
6.0,35.0,10,104.587,109.833,1891.443,29.8901,106.1265,0.6123,0.7744,0.9796,0.6295,10.2363
4.0,45.0,10,104.73,99.854,1887.926,31.8836,97.6475,0.4678,0.8117,0.9798,0.6296,10.0556
0.0,65.0,10,104.78,79.611,1895.685,35.9078,77.5288,0.0305,0.8865,0.9798,0.6294,10.1151
2.0,55.0,10,104.808,88.741,1888.293,34.0522,87.2647,0.2808,0.8637,0.9797,0.6296,10.1481
12.0,0.0,10,104.985,141.467,1888.409,24.0295,138.491,0.847,0.0314,0.9796,0.6293,10.1154
10.0,10.0,10,105.045,132.416,1885.299,26.0831,128.9659,0.7852,0.537,0.9796,0.6294,10.1091
8.0,20.0,10,105.205,122.453,1894.414,28.0216,119.8675,0.7072,0.6761,0.9799,0.6293,10.0204
6.0,30.0,10,105.216,113.163,1886.84,29.9993,110.5829,0.6106,0.7528,0.9798,0.6297,10.1067
4.0,40.0,10,105.332,104.47,1887.688,31.9832,101.7811,0.4619,0.8049,0.9801,0.6297,10.0438
2.0,50.0,10,105.411,93.869,1891.617,33.948,92.2655,0.2806,0.8409,0.9797,0.6294,10.0533
0.0,60.0,10,105.439,84.148,1887.334,35.9779,82.5589,0.031,0.8768,0.9799,0.6295,10.2397
10.0,5.0,10,105.622,137.514,1881.622,26.0259,133.8056,0.7899,0.3691,0.9798,0.6296,10.105
8.0,15.0,10,105.675,127.327,1890.523,27.9288,124.2272,0.7129,0.6238,0.9796,0.6292,10.2247
6.0,25.0,10,105.847,117.877,1884.651,30.0023,115.6205,0.6047,0.719,0.98,0.6296,10.0936
2.0,45.0,10,105.94,100.068,1888.69,33.8375,97.2221,0.2802,0.8235,0.9803,0.6298,10.0318
4.0,35.0,10,105.989,110.096,1887.398,31.9037,106.9941,0.4643,0.7772,0.9797,0.6295,10.1002
0.0,55.0,10,106.059,88.99,1889.747,35.898,87.624,0.0306,0.8593,0.9796,0.6294,10.1749
10.0,0.0,10,106.37,142.487,1890.878,26.0404,138.9181,0.7874,0.03,0.98,0.6293,10.0715
8.0,10.0,10,106.383,132.296,1890.88,27.9933,129.2559,0.7075,0.5388,0.98,0.6294,10.0568
6.0,20.0,10,106.517,123.241,1889.906,29.9386,120.5752,0.6075,0.6777,0.9797,0.6293,10.1342
4.0,30.0,10,106.561,114.312,1887.565,31.9137,111.2997,0.4686,0.7465,0.9796,0.6294,10.0252
0.0,50.0,10,106.627,94.316,1892.275,35.8112,92.7022,0.0311,0.8385,0.9798,0.6296,9.953
2.0,40.0,10,106.721,105.926,1889.678,33.8494,102.6264,0.2868,0.7947,0.9796,0.6293,10.073
6.0,15.0,10,106.953,126.564,1888.425,29.9109,124.4499,0.6112,0.6299,0.9801,0.6297,10.0287
8.0,5.0,10,106.987,136.878,1887.4,28.0967,133.5046,0.707,0.3901,0.9795,0.6293,10.0906
4.0,25.0,10,107.146,118.856,1882.84,31.9498,115.796,0.4654,0.71,0.9799,0.6296,10.0702
2.0,35.0,10,107.192,109.341,1881.691,33.8709,106.5192,0.2745,0.7808,0.9798,0.6297,10.1995
0.0,45.0,10,107.406,100.282,1889.092,35.8272,97.9936,0.0312,0.8181,0.9797,0.6293,10.0834
8.0,0.0,10,107.54,141.74,1878.094,27.9802,138.7491,0.7121,0.0299,0.9797,0.6296,10.0793
6.0,10.0,10,107.585,132.63,1882.035,29.9702,129.211,0.6085,0.5375,0.9799,0.6297,10.1274
4.0,20.0,10,107.726,122.984,1879.69,31.9661,120.2521,0.4622,0.6762,0.9798,0.6296,10.0808
2.0,30.0,10,107.897,114.69,1890.556,33.7639,111.8435,0.2852,0.7414,0.9797,0.6293,10.1489
0.0,40.0,10,107.935,106.509,1885.472,35.7481,102.8071,0.0313,0.7951,0.9797,0.6295,10.1698
6.0,5.0,10,108.2,137.246,1876.605,29.9209,134.1587,0.6134,0.387,0.9793,0.6294,10.2605
4.0,15.0,10,108.361,127.396,1883.832,31.934,124.8715,0.4706,0.6177,0.9797,0.6295,10.0545
2.0,25.0,10,108.465,119.161,1887.216,33.9035,116.0551,0.2796,0.7128,0.9801,0.6295,10.0512
0.0,35.0,10,108.599,110.162,1885.785,35.8595,107.1185,0.0319,0.7727,0.9799,0.6295,10.2585
6.0,0.0,10,108.895,142.518,1881.813,29.9498,138.9435,0.6051,0.0296,0.9799,0.6294,9.9827
4.0,10.0,10,109.096,132.52,1885.344,32.037,129.7102,0.4584,0.5362,0.9796,0.6293,10.3535
2.0,20.0,10,109.167,123.661,1890.696,33.9447,120.7315,0.2739,0.6716,0.9797,0.6293,10.1692
0.0,30.0,10,109.187,115.107,1887.19,35.7435,112.0459,0.0312,0.7425,0.9796,0.6292,10.199
4.0,5.0,10,109.615,137.52,1882.277,31.9997,134.3529,0.4617,0.3777,0.9798,0.6294,10.1153
2.0,15.0,10,109.662,128.23,1884.244,33.9292,125.0106,0.2863,0.6243,0.98,0.6295,10.1859
0.0,25.0,10,109.689,118.818,1878.89,35.7866,116.366,0.0314,0.7139,0.9797,0.6296,10.1277
4.0,0.0,10,110.253,143.297,1878.929,31.9692,139.3929,0.4738,0.0303,0.9797,0.6295,10.2544
2.0,10.0,10,110.257,132.738,1878.749,33.865,129.8829,0.2848,0.54,0.9794,0.6295,10.218
0.0,20.0,10,110.426,124.238,1881.165,35.8244,121.4515,0.0312,0.6695,0.9802,0.6297,10.1318
2.0,5.0,10,110.902,137.588,1877.5,33.9825,134.2756,0.2832,0.3925,0.9796,0.6295,10.2159
0.0,15.0,10,111.014,129.449,1881.465,35.8426,125.8852,0.0314,0.619,0.9801,0.6296,10.1056
0.0,10.0,10,111.556,132.895,1871.712,35.9648,129.8762,0.0314,0.5328,0.9801,0.6298,10.3609
2.0,0.0,10,111.583,143.083,1877.623,33.9366,139.5486,0.2797,0.0307,0.9795,0.6292,10.2929
0.0,5.0,10,112.19,137.526,1872.442,35.9779,134.41,0.0315,0.394,0.9799,0.6296,10.2901
0.0,0.0,10,112.862,143.281,1880.923,35.8829,139.8339,0.0315,0.0313,0.9799,0.6294,10.249
